지역별(1),지역별(2),2015.10,2015.10,2015.10,2015.10,2015.10,2015.11,2015.11,2015.11,2015.11,2015.11,2015.12,2015.12,2015.12,2015.12,2015.12,2016.01,2016.01,2016.01,2016.01,2016.01,2016.02,2016.02,2016.02,2016.02,2016.02,2016.03,2016.03,2016.03,2016.03,2016.03,2016.04,2016.04,2016.04,2016.04,2016.04,2016.05,2016.05,2016.05,2016.05,2016.05,2016.06,2016.06,2016.06,2016.06,2016.06,2016.07,2016.07,2016.07,2016.07,2016.07,2016.08,2016.08,2016.08,2016.08,2016.08,2016.09,2016.09,2016.09,2016.09,2016.09,2016.10,2016.10,2016.10,2016.10,2016.10,2016.11,2016.11,2016.11,2016.11,2016.11,2016.12,2016.12,2016.12,2016.12,2016.12,2017.01,2017.01,2017.01,2017.01,2017.01,2017.02,2017.02,2017.02,2017.02,2017.02,2017.03,2017.03,2017.03,2017.03,2017.03,2017.04,2017.04,2017.04,2017.04,2017.04,2017.05,2017.05,2017.05,2017.05,2017.05,2017.06,2017.06,2017.06,2017.06,2017.06,2017.07,2017.07,2017.07,2017.07,2017.07,2017.08,2017.08,2017.08,2017.08,2017.08,2017.09,2017.09,2017.09,2017.09,2017.09,2017.10,2017.10,2017.10,2017.10,2017.10,2017.11,2017.11,2017.11,2017.11,2017.11,2017.12,2017.12,2017.12,2017.12,2017.12,2018.01,2018.01,2018.01,2018.01,2018.01,2018.02,2018.02,2018.02,2018.02,2018.02,2018.03,2018.03,2018.03,2018.03,2018.03,2018.04,2018.04,2018.04,2018.04,2018.04,2018.05,2018.05,2018.05,2018.05,2018.05,2018.06,2018.06,2018.06,2018.06,2018.06,2018.07,2018.07,2018.07,2018.07,2018.07,2018.08,2018.08,2018.08,2018.08,2018.08,2018.09,2018.09,2018.09,2018.09,2018.09,2018.10,2018.10,2018.10,2018.10,2018.10,2018.11,2018.11,2018.11,2018.11,2018.11,2018.12,2018.12,2018.12,2018.12,2018.12,2019.01,2019.01,2019.01,2019.01,2019.01,2019.02,2019.02,2019.02,2019.02,2019.02,2019.03,2019.03,2019.03,2019.03,2019.03,2019.04,2019.04,2019.04,2019.04,2019.04,2019.05,2019.05,2019.05,2019.05,2019.05,2019.06,2019.06,2019.06,2019.06,2019.06,2019.07,2019.07,2019.07,2019.07,2019.07,2019.08,2019.08,2019.08,2019.08,2019.08,2019.09,2019.09,2019.09,2019.09,2019.09,2019.10,2019.10,2019.10,2019.10,2019.10,2019.11,2019.11,2019.11,2019.11,2019.11,2019.12,2019.12,2019.12,2019.12,2019.12,2020.01,2020.01,2020.01,2020.01,2020.01,2020.02,2020.02,2020.02,2020.02,2020.02,2020.03,2020.03,2020.03,2020.03,2020.03,2020.04,2020.04,2020.04,2020.04,2020.04,2020.05,2020.05,2020.05,2020.05,2020.05,2020.06,2020.06,2020.06,2020.06,2020.06,2020.07,2020.07,2020.07,2020.07,2020.07,2020.08,2020.08,2020.08,2020.08,2020.08,2020.09,2020.09,2020.09,2020.09,2020.09,2020.10,2020.10,2020.10,2020.10,2020.10,2020.11,2020.11,2020.11,2020.11,2020.11,2020.12,2020.12,2020.12,2020.12,2020.12,2021.01,2021.01,2021.01,2021.01,2021.01,2021.02,2021.02,2021.02,2021.02,2021.02,2021.03,2021.03,2021.03,2021.03,2021.03,2021.04,2021.04,2021.04,2021.04,2021.04,2021.05,2021.05,2021.05,2021.05,2021.05,2021.06,2021.06,2021.06,2021.06,2021.06,2021.07,2021.07,2021.07,2021.07,2021.07,2021.08,2021.08,2021.08,2021.08,2021.08,2021.09,2021.09,2021.09,2021.09,2021.09,2021.10,2021.10,2021.10,2021.10,2021.10,2021.11,2021.11,2021.11,2021.11,2021.11,2021.12,2021.12,2021.12,2021.12,2021.12,2022.01,2022.01,2022.01,2022.01,2022.01,2022.02,2022.02,2022.02,2022.02,2022.02,2022.03,2022.03,2022.03,2022.03,2022.03,2022.04,2022.04,2022.04,2022.04,2022.04,2022.05,2022.05,2022.05,2022.05,2022.05,2022.06,2022.06,2022.06,2022.06,2022.06,2022.07,2022.07,2022.07,2022.07,2022.07,2022.08,2022.08,2022.08,2022.08,2022.08,2022.09,2022.09,2022.09,2022.09,2022.09,2022.10,2022.10,2022.10,2022.10,2022.10,2022.11,2022.11,2022.11,2022.11,2022.11,2022.12,2022.12,2022.12,2022.12,2022.12,2023.01,2023.01,2023.01,2023.01,2023.01,2023.02,2023.02,2023.02,2023.02,2023.02,2023.03,2023.03,2023.03,2023.03,2023.03,2023.04,2023.04,2023.04,2023.04,2023.04,2023.05,2023.05,2023.05,2023.05,2023.05,2023.06,2023.06,2023.06,2023.06,2023.06,2023.07,2023.07,2023.07,2023.07,2023.07,2023.08,2023.08,2023.08,2023.08,2023.08
지역별(1),지역별(2),전체,전용면적 60㎡이하,전용면적 60㎡초과 85㎡이하,전용면적 85㎡초과 102㎡이하,전용면적 102㎡초과,전체,전용면적 60㎡이하,전용면적 60㎡초과 85㎡이하,전용면적 85㎡초과 102㎡이하,전용면적 102㎡초과,전체,전용면적 60㎡이하,전용면적 60㎡초과 85㎡이하,전용면적 85㎡초과 102㎡이하,전용면적 102㎡초과,전체,전용면적 60㎡이하,전용면적 60㎡초과 85㎡이하,전용면적 85㎡초과 102㎡이하,전용면적 102㎡초과,전체,전용면적 60㎡이하,전용면적 60㎡초과 85㎡이하,전용면적 85㎡초과 102㎡이하,전용면적 102㎡초과,전체,전용면적 60㎡이하,전용면적 60㎡초과 85㎡이하,전용면적 85㎡초과 102㎡이하,전용면적 102㎡초과,전체,전용면적 60㎡이하,전용면적 60㎡초과 85㎡이하,전용면적 85㎡초과 102㎡이하,전용면적 102㎡초과,전체,전용면적 60㎡이하,전용면적 60㎡초과 85㎡이하,전용면적 85㎡초과 102㎡이하,전용면적 102㎡초과,전체,전용면적 60㎡이하,전용면적 60㎡초과 85㎡이하,전용면적 85㎡초과 102㎡이하,전용면적 102㎡초과,전체,전용면적 60㎡이하,전용면적 60㎡초과 85㎡이하,전용면적 85㎡초과 102㎡이하,전용면적 102㎡초과,전체,전용면적 60㎡이하,전용면적 60㎡초과 85㎡이하,전용면적 85㎡초과 102㎡이하,전용면적 102㎡초과,전체,전용면적 60㎡이하,전용면적 60㎡초과 85㎡이하,전용면적 85㎡초과 102㎡이하,전용면적 102㎡초과,전체,전용면적 60㎡이하,전용면적 60㎡초과 85㎡이하,전용면적 85㎡초과 102㎡이하,전용면적 102㎡초과,전체,전용면적 60㎡이하,전용면적 60㎡초과 85㎡이하,전용면적 85㎡초과 102㎡이하,전용면적 102㎡초과,전체,전용면적 60㎡이하,전용면적 60㎡초과 85㎡이하,전용면적 85㎡초과 102㎡이하,전용면적 102㎡초과,전체,전용면적 60㎡이하,전용면적 60㎡초과 85㎡이하,전용면적 85㎡초과 102㎡이하,전용면적 102㎡초과,전체,전용면적 60㎡이하,전용면적 60㎡초과 85㎡이하,전용면적 85㎡초과 102㎡이하,전용면적 102㎡초과,전체,전용면적 60㎡이하,전용면적 60㎡초과 85㎡이하,전용면적 85㎡초과 102㎡이하,전용면적 102㎡초과,전체,전용면적 60㎡이하,전용면적 60㎡초과 85㎡이하,전용면적 85㎡초과 102㎡이하,전용면적 102㎡초과,전체,전용면적 60㎡이하,전용면적 60㎡초과 85㎡이하,전용면적 85㎡초과 102㎡이하,전용면적 102㎡초과,전체,전용면적 60㎡이하,전용면적 60㎡초과 85㎡이하,전용면적 85㎡초과 102㎡이하,전용면적 102㎡초과,전체,전용면적 60㎡이하,전용면적 60㎡초과 85㎡이하,전용면적 85㎡초과 102㎡이하,전용면적 102㎡초과,전체,전용면적 60㎡이하,전용면적 60㎡초과 85㎡이하,전용면적 85㎡초과 102㎡이하,전용면적 102㎡초과,전체,전용면적 60㎡이하,전용면적 60㎡초과 85㎡이하,전용면적 85㎡초과 102㎡이하,전용면적 102㎡초과,전체,전용면적 60㎡이하,전용면적 60㎡초과 85㎡이하,전용면적 85㎡초과 102㎡이하,전용면적 102㎡초과,전체,전용면적 60㎡이하,전용면적 60㎡초과 85㎡이하,전용면적 85㎡초과 102㎡이하,전용면적 102㎡초과,전체,전용면적 60㎡이하,전용면적 60㎡초과 85㎡이하,전용면적 85㎡초과 102㎡이하,전용면적 102㎡초과,전체,전용면적 60㎡이하,전용면적 60㎡초과 85㎡이하,전용면적 85㎡초과 102㎡이하,전용면적 102㎡초과,전체,전용면적 60㎡이하,전용면적 60㎡초과 85㎡이하,전용면적 85㎡초과 102㎡이하,전용면적 102㎡초과,전체,전용면적 60㎡이하,전용면적 60㎡초과 85㎡이하,전용면적 85㎡초과 102㎡이하,전용면적 102㎡초과,전체,전용면적 60㎡이하,전용면적 60㎡초과 85㎡이하,전용면적 85㎡초과 102㎡이하,전용면적 102㎡초과,전체,전용면적 60㎡이하,전용면적 60㎡초과 85㎡이하,전용면적 85㎡초과 102㎡이하,전용면적 102㎡초과,전체,전용면적 60㎡이하,전용면적 60㎡초과 85㎡이하,전용면적 85㎡초과 102㎡이하,전용면적 102㎡초과,전체,전용면적 60㎡이하,전용면적 60㎡초과 85㎡이하,전용면적 85㎡초과 102㎡이하,전용면적 102㎡초과,전체,전용면적 60㎡이하,전용면적 60㎡초과 85㎡이하,전용면적 85㎡초과 102㎡이하,전용면적 102㎡초과,전체,전용면적 60㎡이하,전용면적 60㎡초과 85㎡이하,전용면적 85㎡초과 102㎡이하,전용면적 102㎡초과,전체,전용면적 60㎡이하,전용면적 60㎡초과 85㎡이하,전용면적 85㎡초과 102㎡이하,전용면적 102㎡초과,전체,전용면적 60㎡이하,전용면적 60㎡초과 85㎡이하,전용면적 85㎡초과 102㎡이하,전용면적 102㎡초과,전체,전용면적 60㎡이하,전용면적 60㎡초과 85㎡이하,전용면적 85㎡초과 102㎡이하,전용면적 102㎡초과,전체,전용면적 60㎡이하,전용면적 60㎡초과 85㎡이하,전용면적 85㎡초과 102㎡이하,전용면적 102㎡초과,전체,전용면적 60㎡이하,전용면적 60㎡초과 85㎡이하,전용면적 85㎡초과 102㎡이하,전용면적 102㎡초과,전체,전용면적 60㎡이하,전용면적 60㎡초과 85㎡이하,전용면적 85㎡초과 102㎡이하,전용면적 102㎡초과,전체,전용면적 60㎡이하,전용면적 60㎡초과 85㎡이하,전용면적 85㎡초과 102㎡이하,전용면적 102㎡초과,전체,전용면적 60㎡이하,전용면적 60㎡초과 85㎡이하,전용면적 85㎡초과 102㎡이하,전용면적 102㎡초과,전체,전용면적 60㎡이하,전용면적 60㎡초과 85㎡이하,전용면적 85㎡초과 102㎡이하,전용면적 102㎡초과,전체,전용면적 60㎡이하,전용면적 60㎡초과 85㎡이하,전용면적 85㎡초과 102㎡이하,전용면적 102㎡초과,전체,전용면적 60㎡이하,전용면적 60㎡초과 85㎡이하,전용면적 85㎡초과 102㎡이하,전용면적 102㎡초과,전체,전용면적 60㎡이하,전용면적 60㎡초과 85㎡이하,전용면적 85㎡초과 102㎡이하,전용면적 102㎡초과,전체,전용면적 60㎡이하,전용면적 60㎡초과 85㎡이하,전용면적 85㎡초과 102㎡이하,전용면적 102㎡초과,전체,전용면적 60㎡이하,전용면적 60㎡초과 85㎡이하,전용면적 85㎡초과 102㎡이하,전용면적 102㎡초과,전체,전용면적 60㎡이하,전용면적 60㎡초과 85㎡이하,전용면적 85㎡초과 102㎡이하,전용면적 102㎡초과,전체,전용면적 60㎡이하,전용면적 60㎡초과 85㎡이하,전용면적 85㎡초과 102㎡이하,전용면적 102㎡초과,전체,전용면적 60㎡이하,전용면적 60㎡초과 85㎡이하,전용면적 85㎡초과 102㎡이하,전용면적 102㎡초과,전체,전용면적 60㎡이하,전용면적 60㎡초과 85㎡이하,전용면적 85㎡초과 102㎡이하,전용면적 102㎡초과,전체,전용면적 60㎡이하,전용면적 60㎡초과 85㎡이하,전용면적 85㎡초과 102㎡이하,전용면적 102㎡초과,전체,전용면적 60㎡이하,전용면적 60㎡초과 85㎡이하,전용면적 85㎡초과 102㎡이하,전용면적 102㎡초과,전체,전용면적 60㎡이하,전용면적 60㎡초과 85㎡이하,전용면적 85㎡초과 102㎡이하,전용면적 102㎡초과,전체,전용면적 60㎡이하,전용면적 60㎡초과 85㎡이하,전용면적 85㎡초과 102㎡이하,전용면적 102㎡초과,전체,전용면적 60㎡이하,전용면적 60㎡초과 85㎡이하,전용면적 85㎡초과 102㎡이하,전용면적 102㎡초과,전체,전용면적 60㎡이하,전용면적 60㎡초과 85㎡이하,전용면적 85㎡초과 102㎡이하,전용면적 102㎡초과,전체,전용면적 60㎡이하,전용면적 60㎡초과 85㎡이하,전용면적 85㎡초과 102㎡이하,전용면적 102㎡초과,전체,전용면적 60㎡이하,전용면적 60㎡초과 85㎡이하,전용면적 85㎡초과 102㎡이하,전용면적 102㎡초과,전체,전용면적 60㎡이하,전용면적 60㎡초과 85㎡이하,전용면적 85㎡초과 102㎡이하,전용면적 102㎡초과,전체,전용면적 60㎡이하,전용면적 60㎡초과 85㎡이하,전용면적 85㎡초과 102㎡이하,전용면적 102㎡초과,전체,전용면적 60㎡이하,전용면적 60㎡초과 85㎡이하,전용면적 85㎡초과 102㎡이하,전용면적 102㎡초과,전체,전용면적 60㎡이하,전용면적 60㎡초과 85㎡이하,전용면적 85㎡초과 102㎡이하,전용면적 102㎡초과,전체,전용면적 60㎡이하,전용면적 60㎡초과 85㎡이하,전용면적 85㎡초과 102㎡이하,전용면적 102㎡초과,전체,전용면적 60㎡이하,전용면적 60㎡초과 85㎡이하,전용면적 85㎡초과 102㎡이하,전용면적 102㎡초과,전체,전용면적 60㎡이하,전용면적 60㎡초과 85㎡이하,전용면적 85㎡초과 102㎡이하,전용면적 102㎡초과,전체,전용면적 60㎡이하,전용면적 60㎡초과 85㎡이하,전용면적 85㎡초과 102㎡이하,전용면적 102㎡초과,전체,전용면적 60㎡이하,전용면적 60㎡초과 85㎡이하,전용면적 85㎡초과 102㎡이하,전용면적 102㎡초과,전체,전용면적 60㎡이하,전용면적 60㎡초과 85㎡이하,전용면적 85㎡초과 102㎡이하,전용면적 102㎡초과,전체,전용면적 60㎡이하,전용면적 60㎡초과 85㎡이하,전용면적 85㎡초과 102㎡이하,전용면적 102㎡초과,전체,전용면적 60㎡이하,전용면적 60㎡초과 85㎡이하,전용면적 85㎡초과 102㎡이하,전용면적 102㎡초과,전체,전용면적 60㎡이하,전용면적 60㎡초과 85㎡이하,전용면적 85㎡초과 102㎡이하,전용면적 102㎡초과,전체,전용면적 60㎡이하,전용면적 60㎡초과 85㎡이하,전용면적 85㎡초과 102㎡이하,전용면적 102㎡초과,전체,전용면적 60㎡이하,전용면적 60㎡초과 85㎡이하,전용면적 85㎡초과 102㎡이하,전용면적 102㎡초과,전체,전용면적 60㎡이하,전용면적 60㎡초과 85㎡이하,전용면적 85㎡초과 102㎡이하,전용면적 102㎡초과,전체,전용면적 60㎡이하,전용면적 60㎡초과 85㎡이하,전용면적 85㎡초과 102㎡이하,전용면적 102㎡초과,전체,전용면적 60㎡이하,전용면적 60㎡초과 85㎡이하,전용면적 85㎡초과 102㎡이하,전용면적 102㎡초과,전체,전용면적 60㎡이하,전용면적 60㎡초과 85㎡이하,전용면적 85㎡초과 102㎡이하,전용면적 102㎡초과,전체,전용면적 60㎡이하,전용면적 60㎡초과 85㎡이하,전용면적 85㎡초과 102㎡이하,전용면적 102㎡초과,전체,전용면적 60㎡이하,전용면적 60㎡초과 85㎡이하,전용면적 85㎡초과 102㎡이하,전용면적 102㎡초과,전체,전용면적 60㎡이하,전용면적 60㎡초과 85㎡이하,전용면적 85㎡초과 102㎡이하,전용면적 102㎡초과,전체,전용면적 60㎡이하,전용면적 60㎡초과 85㎡이하,전용면적 85㎡초과 102㎡이하,전용면적 102㎡초과,전체,전용면적 60㎡이하,전용면적 60㎡초과 85㎡이하,전용면적 85㎡초과 102㎡이하,전용면적 102㎡초과,전체,전용면적 60㎡이하,전용면적 60㎡초과 85㎡이하,전용면적 85㎡초과 102㎡이하,전용면적 102㎡초과,전체,전용면적 60㎡이하,전용면적 60㎡초과 85㎡이하,전용면적 85㎡초과 102㎡이하,전용면적 102㎡초과,전체,전용면적 60㎡이하,전용면적 60㎡초과 85㎡이하,전용면적 85㎡초과 102㎡이하,전용면적 102㎡초과,전체,전용면적 60㎡이하,전용면적 60㎡초과 85㎡이하,전용면적 85㎡초과 102㎡이하,전용면적 102㎡초과,전체,전용면적 60㎡이하,전용면적 60㎡초과 85㎡이하,전용면적 85㎡초과 102㎡이하,전용면적 102㎡초과,전체,전용면적 60㎡이하,전용면적 60㎡초과 85㎡이하,전용면적 85㎡초과 102㎡이하,전용면적 102㎡초과,전체,전용면적 60㎡이하,전용면적 60㎡초과 85㎡이하,전용면적 85㎡초과 102㎡이하,전용면적 102㎡초과,전체,전용면적 60㎡이하,전용면적 60㎡초과 85㎡이하,전용면적 85㎡초과 102㎡이하,전용면적 102㎡초과,전체,전용면적 60㎡이하,전용면적 60㎡초과 85㎡이하,전용면적 85㎡초과 102㎡이하,전용면적 102㎡초과
전국,소계,"2,674","2,665","2,676","2,854","2,919","2,691","2,698","2,690","2,905","3,010","2,720","2,775","2,718","2,894","3,014","2,740","2,786","2,738","2,895","3,005","2,743","2,796","2,737","2,947","2,988","2,747","2,794","2,745","3,032","3,016","2,781","2,806","2,780","3,100","3,116","2,794","2,831","2,791","3,079","3,084","2,823","2,819","2,830","3,136","3,085","2,828","2,821","2,839","3,145","3,099","2,837","2,815","2,842","3,126","3,138","2,832","2,863","2,830","3,120","3,140","2,891","2,925","2,895","3,055","3,270","2,876","2,931","2,878","3,075","3,352","2,901","2,979","2,897","3,105","3,413","2,898","2,987","2,894","3,105","3,415","2,906","2,996","2,900","3,088","3,430","2,903","3,023","2,898","3,086","3,405","2,947","3,070","2,936","3,091","3,437","2,984","3,100","2,976","3,128","3,504","3,012","3,086","2,996","3,214","3,496","3,055","3,135","3,039","3,279","3,481","3,054","3,138","3,034","3,290","3,498","3,070","3,207","3,020","3,377","3,414","3,058","3,174","3,005","3,257","3,306","3,095","3,194","3,033","3,367","3,342","3,117","3,264","3,051","3,313","3,372","3,140","3,285","3,079","3,420","3,400","3,156","3,289","3,116","3,422","3,407","3,202","3,324","3,161","3,487","3,430","3,220","3,334","3,181","3,508","3,371","3,255","3,342","3,225","3,554","3,496","3,227","3,345","3,218","3,437","3,364","3,206","3,221","3,217","3,523","3,358","3,201","3,215","3,213","3,467","3,332","3,257","3,194","3,277","3,329","3,494","3,285","3,236","3,309","3,482","3,584","3,304","3,281","3,329","3,483","3,645","3,376","3,359","3,416","3,502","3,715","3,408","3,373","3,447","3,528","3,734","3,413","3,391","3,453","3,536","3,757","3,433","3,382","3,472","3,529","3,785","3,452","3,407","3,486","3,569","3,933","3,485","3,461","3,510","3,615","4,052","3,538","3,482","3,567","4,138","4,144","3,547","3,489","3,570","4,213","4,101","3,563","3,544","3,581","4,228","4,152","3,539","3,562","3,557","4,256","4,198","3,605","3,612","3,619","4,182","4,182","3,604","3,559","3,600","4,333","4,204","3,589","3,574","3,587","4,354","4,191","3,617","3,617","3,603","4,484","4,198","3,591","3,615","3,586","4,580","4,177","3,592","3,648","3,590","4,549","4,217","3,645","3,673","3,648","4,707","4,355","3,683","3,680","3,689","4,646","4,274","3,736","3,717","3,755","4,747","4,290","3,778","3,780","3,789","4,370","4,106","3,807","3,908","3,807","4,361","4,316","3,823","3,936","3,831","4,361","4,314","3,803","3,813","3,828","4,331","4,311","3,847","3,868","3,848","4,384","4,297","3,875","3,859","3,880","4,262","4,348","3,937","3,890","3,920","4,184","4,332","3,987","3,865","3,963","4,165","4,413","4,101","3,878","4,071","4,144","4,544","4,103","3,880","4,043","4,098","4,500","4,133","3,895","4,065","3,980","4,504","4,153","3,920","4,086","3,939","4,518","4,240","3,965","4,248","3,901","4,238","4,245","3,953","4,231","3,965","4,240","4,254","3,898","4,237","3,968","4,262","4,179","3,998","4,186","4,146","4,214","4,232","4,042","4,251","4,189","4,169","4,279","4,038","4,314","4,497","4,290","4,294","3,999","4,312","4,590","4,632","4,336","4,095","4,345","4,464","4,635","4,330","4,112","4,349","4,521","4,862","4,419","4,143","4,431","4,657","4,810","4,375","4,068","4,333","4,687","4,873","4,412","4,097","4,430","4,684","4,778","4,404","4,130","4,426","4,776","4,784","4,454","4,145","4,480","4,901","4,843","4,505","4,214","4,533","4,739","4,870","4,562","4,382","4,570","4,633","4,971","4,643","4,556","4,581","4,890","5,044","4,685","4,780","4,647","4,941","5,033","4,762","4,849","4,672","4,940","5,260","4,728","4,867","4,661","4,892","5,122","4,805","4,904","4,729","4,895","5,106","4,844","4,913","4,770","4,884","5,160","4,890","4,953","4,811","4,997","5,322","4,914","5,024","4,855","5,189","5,436","4,927","5,005","4,868","5,349","5,615","5,010","5,127","4,961","5,310","5,871"
수도권,소계,"4,047","4,089","4,080","4,254","4,322","4,111","4,242","4,095","4,676","4,561","4,141","4,314","4,133","4,502","4,603","4,165","4,349","4,153","4,503","4,603","4,174","4,354","4,140","4,480","4,512","4,193","4,438","4,166","4,696","4,486","4,226","4,447","4,195","5,012","4,934","4,295","4,560","4,265","4,821","4,833","4,318","4,441","4,370","4,839","4,672","4,335","4,455","4,401","4,843","4,699","4,360","4,462","4,422","4,676","4,760","4,271","4,337","4,283","4,687","4,761","4,343","4,403","4,359","4,672","5,220","4,356","4,489","4,386","4,500","4,927","4,377","4,499","4,379","4,555","5,067","4,379","4,484","4,382","4,555","5,067","4,413","4,506","4,418","4,461","5,130","4,394","4,537","4,394","4,420","5,077","4,383","4,550","4,381","4,447","5,062","4,388","4,496","4,404","4,464","4,992","4,494","4,466","4,424","4,741","5,019","4,508","4,496","4,430","4,720","5,106","4,362","4,479","4,283","4,729","5,092","4,479","4,666","4,282","5,020","5,240","4,501","4,658","4,271","4,829","5,134","4,505","4,662","4,244","4,801","5,247","4,547","4,729","4,248","4,884","5,294","4,600","4,798","4,325","5,102","5,461","4,616","4,862","4,513","5,108","5,466","4,723","5,065","4,609","5,163","5,573","4,719","5,069","4,614","5,188","5,557","4,781","5,066","4,731","5,338","5,534","4,664","5,062","4,734","5,128","5,618","4,715","5,130","4,796","5,161","5,744","4,715","5,011","4,805","4,919","5,584","4,810","4,824","4,936","4,388","5,617","4,985","4,864","5,143","5,036","4,970","5,024","4,929","5,173","5,134","5,478","5,041","5,080","5,250","5,074","5,641","5,147","5,100","5,362","5,080","5,724","5,158","5,184","5,379","5,117","5,703","5,275","5,122","5,491","5,079","5,715","5,292","5,165","5,522","5,091","5,941","5,339","5,433","5,516","5,222","6,103","5,506","5,571","5,686","7,255","6,303","5,414","5,492","5,569","7,255","6,256","5,459","5,562","5,614","7,262","6,475","5,489","5,602","5,655","7,262","6,510","5,486","5,657","5,628","7,298","6,460","5,479","5,664","5,521","7,306","6,354","5,483","5,679","5,517","7,383","6,312","5,543","5,751","5,514","7,391","6,250","5,520","5,702","5,540","7,745","6,377","5,588","5,828","5,610","7,739","6,384","5,605","5,794","5,622","7,839","6,515","5,587","5,656","5,643","6,785","6,265","5,637","5,716","5,748","7,328","6,318","5,628","5,621","5,639","6,507","5,887","5,658","5,631","5,662","6,524","5,893","5,676","5,647","5,673","6,524","5,929","5,715","5,656","5,683","6,534","6,122","5,781","5,730","5,750","6,505","6,278","5,901","5,817","5,653","6,492","6,593","5,887","5,819","5,639","6,308","6,506","5,889","5,813","5,653","6,102","6,883","5,904","5,848","5,654","6,102","6,858","5,864","5,824","5,587","6,035","6,640","5,836","5,818","5,517","6,064","6,560","5,841","5,864","5,499","5,374","6,535","5,954","6,042","6,042","5,361","5,272","5,994","6,045","5,981","5,361","5,208","6,015","6,078","6,002","5,384","5,253","6,060","6,244","6,262","5,299","5,105","6,295","6,487","6,557","5,401","4,962","6,331","6,490","6,601","5,482","5,181","6,258","6,300","6,505","5,840","6,472","6,398","6,575","6,532","5,822","6,397","6,352","6,482","6,537","6,057","6,366","6,444","6,581","6,593","6,057","6,367","6,066","6,181","5,868","6,046","6,488","6,099","6,273","5,891","6,046","6,490","6,152","6,318","5,895","6,121","6,509","6,154","6,330","6,078","6,693","6,542","6,282","6,407","6,250","6,515","6,567","6,257","6,352","6,223","5,999","6,529","6,370","6,471","6,355","6,821","6,842","6,425","6,587","6,422","6,891","6,925","6,514","6,787","6,448","6,889","7,444","6,463","6,807","6,343","6,554","7,131","6,588","6,883","6,403","6,487","7,272","6,684","6,938","6,517","6,430","7,379","6,737","6,968","6,532","6,518","7,333","6,844","6,986","6,689","7,080","7,685","6,822","6,983","6,719","7,104","7,740","6,815","6,951","6,715","7,103","7,744"
,서울,"5,841","5,652","5,882","5,721","5,879","6,050","6,320","5,964","7,092","6,551","6,041","6,321","5,966","6,513","6,551","6,108","6,427","6,036","6,513","6,551","6,111","6,438","6,039","6,513","6,458","6,173","6,550","6,127","7,179","6,371","6,241","6,618","6,196","8,096","6,353","6,264","6,638","6,205","7,725","6,353","6,208","6,562","6,218","7,732","6,365","6,254","6,611","6,399","7,732","6,373","6,285","6,592","6,424","7,270","6,603","6,283","6,565","6,412","7,415","6,571","6,400","6,661","6,537","7,400","7,241","6,370","6,695","6,508","6,749","6,350","6,443","6,713","6,492","7,030","6,771","6,450","6,662","6,500","7,030","6,771","6,464","6,668","6,522","6,655","6,893","6,370","6,570","6,420","6,457","6,709","6,366","6,570","6,414","6,457","6,712","6,400","6,592","6,461","6,408","6,675","6,667","6,460","6,435","7,126","6,949","6,573","6,510","6,342","7,126","6,734","6,172","6,371","5,948","7,067","6,254","6,507","6,767","5,938","7,887","6,689","6,578","6,815","5,934","7,274","6,559","6,657","6,931","5,899","7,311","6,880","6,706","7,005","5,868","7,478","6,916","6,623","6,898","5,857","7,478","6,916","6,631","6,907","6,373","7,495","6,909","6,836","7,193","6,553","7,823","7,242","6,841","7,196","6,560","7,823","7,242","6,919","7,318","6,630","8,098","7,252","6,694","7,232","6,739","7,591","6,905","6,820","7,360","6,910","7,591","6,914","6,731","7,117","6,806","6,652","6,477","6,994","6,631","7,183","5,061","6,538","7,378","6,806","7,629","6,842","7,373","7,369","7,017","7,620","6,842","7,351","7,398","7,398","7,890","6,842","7,545","7,600","7,400","8,105","6,842","7,787","7,627","7,654","8,141","6,842","7,328","7,772","7,750","8,191","6,842","7,206","7,784","7,894","8,272","6,842","7,683","7,786","8,104","8,336","6,842","7,831","8,100","8,281","8,588","12,728","8,430","8,067","8,231","8,506","12,728","8,430","8,093","8,223","8,562","12,728","8,866","8,085","8,205","8,572","12,728","8,972","8,091","8,230","8,574","12,728","8,903","8,062","8,196","8,300","12,728","8,952","7,955","8,115","8,171","12,728","8,989","8,121","8,330","8,135","12,728","8,779","7,972","8,193","8,140","13,835","9,039","8,029","8,533","8,160","13,835","9,035","7,990","8,415","8,101","13,835","9,392","8,191","8,432","8,316","11,018","9,406","8,351","8,572","8,576","12,587","9,407","8,110","8,274","8,049","9,938","8,705","8,098","8,258","8,044","9,938","8,705","8,114","8,291","8,035","9,938","8,703","8,079","8,247","8,013","9,938","8,677","8,234","8,436","8,182","9,938","8,677","8,566","8,691","7,892","9,769","9,481","8,566","8,691","7,892","9,769","9,481","8,540","8,657","7,869","8,942","9,481","8,573","8,678","7,868","8,942","9,481","8,526","8,654","7,718","8,942","9,733","8,666","8,776","7,739","9,127","9,116","8,831","8,950","7,854","7,020","9,064","9,211","9,481","9,519","6,975",-,"9,499","9,724","9,519","6,975",-,"9,501","9,724","9,518","7,044",-,"9,662","10,181","10,252","7,044",-,"9,952","10,553","10,691","7,044",-,"9,983","10,553","10,746","7,274",-,"9,582","9,963","10,260","7,274","8,913","9,817","10,322","10,217","7,229","8,913","9,647","10,056","10,217","7,229","8,913","9,771","10,268","10,217","7,229","8,913","8,550","8,901","7,944","7,229","8,913","8,550","8,901","7,944","7,229","8,913","8,550","8,901","7,944","7,229","8,913","8,273","8,656","8,210","7,229","8,913","8,503","8,656","8,589",-,"8,913","8,503","8,656","8,589",-,"8,913","9,041","9,207","9,199","8,586","9,883","9,024","9,184","9,199","8,586","9,883","9,282","9,463","9,299","8,586","10,854","9,226","9,425","9,114","8,586","10,854","9,280","9,491","8,983","8,586","10,854","9,286","9,496","9,011","8,586","10,854","9,414","9,600","9,011","8,586","10,854","9,675","9,555","9,325","10,057","11,911","9,675","9,555","9,325","10,057","11,911","9,635","9,488","9,287","10,057","11,919"
,인천,"3,163","3,488","3,119","3,545","3,408","3,184","3,328","3,119","3,545","3,408","3,184","3,328","3,119","3,545","3,408","3,191","3,328","3,110","3,545","3,408","3,192","3,328","3,112","3,545","3,408","3,190","3,323","3,111","3,545","3,408","3,238","3,323","3,147","3,545","4,839","3,179","3,323","3,147","3,367","4,192","3,204","2,981","3,353","3,453","3,576","3,222","2,970","3,272","3,454","3,599","3,235","3,007","3,289","3,454","3,632","3,168","3,002","3,121","3,366","3,632","3,198","3,041","3,153","3,311","4,201","3,151","3,121","3,153","3,311","4,201","3,132","3,181","3,137","3,275","4,201","3,132","3,181","3,137","3,275","4,201","3,167","3,197","3,171","3,275","4,201","3,179","3,268","3,177","3,275","4,201","3,179","3,268","3,177","3,275","4,201","3,291","3,268","3,290","3,392","4,256","3,326","3,268","3,327","3,439","4,055","3,322","3,272","3,323","3,427","4,518","3,273","3,209","3,276","3,427","4,986","3,302","3,330","3,307","3,478","4,986","3,300","3,330","3,306","3,445","4,835","3,300","3,330","3,306","3,445","4,835","3,318","3,354","3,324","3,478","4,835","3,333","3,376","3,324","3,478","4,835","3,342","3,433","3,338","3,478","4,835","3,457","3,754","3,448","3,395","4,835","3,457","3,754","3,448","3,395","4,835","3,436","3,454","3,567","3,470","4,835","3,372","3,454","3,537","3,229",-,"3,372","3,454","3,537","3,229",-,"3,343","3,456","3,505","3,229",-,"3,343","3,456","3,505","3,229",-,"3,440","3,422","3,630","3,391","2,890","3,553","3,437","3,725","3,492","4,455","3,548","3,403","3,731","3,492","4,455","3,583","3,461","3,766","3,492","4,455","3,590","3,455","3,779","3,492","4,835","3,682","3,415","3,907","3,773","4,808","3,682","3,415","3,907","3,773","4,808","3,881","3,729","3,923","3,773","4,808","3,887","3,822","3,919","3,773","4,808","3,887","3,822","3,919","3,773","4,808","3,941","3,782","3,966","3,773","5,188","3,941","3,782","3,966","3,773","5,188","3,947","3,866","3,956","3,881","5,185","3,922","3,911","3,922","3,904","4,768","4,002","3,993","3,989","3,981","4,768","4,005","3,985","4,001","3,981","4,768","4,084","3,994","4,079","3,981","4,958","4,260","4,057","4,293","3,936","4,972","4,263","4,062","4,296","3,936","4,972","4,345","4,211","4,408","4,882","5,008","4,443","4,316","4,576","4,915","5,012","4,435","4,309","4,553","4,902","4,615","4,642","4,526","4,617","4,902","4,692","4,642","4,526","4,617","4,902","4,692","4,720","4,594","4,669","4,914","4,818","4,769","4,626","4,712","4,999","4,885","4,752","4,710","4,664","5,097","4,918","4,728","4,710","4,647","4,617","4,918","4,743","4,710","4,709","4,869","6,053","4,763","4,800","4,719","4,869","6,053","4,712","4,710","4,687","4,869","5,204","4,603","4,626","4,566","4,823","5,321","4,510","4,572","4,470","4,823","5,308","4,503","4,629","4,463","4,830","5,312","4,315","4,387","4,283","4,824","5,312","4,315","4,387","4,283","4,824","5,312","4,316","4,399","4,280","4,824","5,317","4,456","4,399","4,450","5,010","5,385","4,551","4,363","4,526","5,204","5,635","4,626","4,363","4,609","6,224","5,627","4,612","4,544","4,591","6,167","5,584","4,625","4,499","4,602","6,167","5,607","4,749","4,655","4,745","6,167","5,631","4,790","4,656","4,802","6,167","5,659","4,818","4,777","4,821","6,167","5,659","4,949","4,913","4,803","6,167","5,659","5,165","5,131","5,032","7,553","5,659","5,189","5,131","5,055","6,323","5,659","5,031","4,925","4,894","5,735","5,545","5,043","4,888","4,909","5,618","5,533","5,047","4,954","4,920","5,676","5,490","5,038","5,024","4,877","5,670","5,458","4,936","5,019","4,747","4,659","4,343","4,967","5,167","4,770","4,659","4,440","4,969","5,170","4,771","4,659","4,440","4,991","5,175","4,809","4,659","4,440","4,988","5,079","4,852","4,874","4,440","4,868","4,952","4,875","4,874","4,440","4,878","4,973","4,886","4,874","4,440"
,경기,"3,138","3,126","3,239","3,496","3,680","3,098","3,079","3,202","3,391","3,724","3,198","3,293","3,314","3,449","3,850","3,198","3,293","3,313","3,450","3,850","3,219","3,294","3,268","3,381","3,669","3,215","3,441","3,259","3,363","3,680","3,199","3,400","3,243","3,395","3,611","3,443","3,720","3,443","3,370","3,956","3,542","3,781","3,539","3,334","4,073","3,531","3,785","3,531","3,344","4,124","3,561","3,788","3,552","3,303","4,046","3,360","3,444","3,316","3,280","4,079","3,431","3,508","3,389","3,305","4,219","3,546","3,650","3,497","3,439","4,230","3,555","3,602","3,508","3,360","4,229","3,554","3,609","3,508","3,360","4,229","3,607","3,652","3,562","3,454","4,296","3,632","3,773","3,585","3,527","4,321","3,604","3,812","3,552","3,608","4,273","3,474","3,628","3,462","3,591","4,045","3,489","3,671","3,511","3,656","4,052","3,629","3,707","3,624","3,605","4,065","3,641","3,858","3,623","3,694","4,037","3,628","3,902","3,601","3,696","4,045","3,625","3,829","3,574","3,769","4,009","3,557","3,726","3,527","3,647","4,027","3,617","3,829","3,552","3,696","4,131","3,846","4,119","3,793","4,350","4,632","3,876","4,246","3,826","4,351","4,655","3,876","4,248","3,826","4,270","4,641","3,859","4,256","3,836","4,345","4,595","3,987","4,425","3,994","4,445","4,517","3,927","4,501","3,926","4,565","4,330","3,952","4,578","3,943","4,662","4,573","4,070","4,459","4,105","4,877","4,692","4,094","4,384","4,122","4,874","4,696","4,136","4,365","4,169","4,874","4,647","4,151","4,331","4,175","5,068","4,627","4,175","4,439","4,130","4,888","4,925","4,258","4,440","4,216","4,905","4,931","4,256","4,444","4,216","5,018","4,945","4,369","4,200","4,376","4,621","5,130","4,411","4,185","4,385","4,657","5,332","4,351","4,465","4,288","5,051","5,670","4,531","4,611","4,551","5,264","5,669","4,287","4,422","4,281","5,264","5,529","4,343","4,682","4,314","5,284","5,371","4,441","4,818","4,428","5,284","5,371","4,421","4,876","4,353","5,284","5,292","4,453","4,885","4,341","5,284","5,342","4,493","4,931","4,390","5,438","5,180","4,503","4,939","4,404","5,464","5,204","4,502","4,918","4,402","5,418","5,133","4,476","4,893","4,376","5,447","5,145","4,563","4,904","4,470","5,745","5,180","4,225","4,326","4,205","4,455","4,381","4,117","4,258","4,094","4,481","4,536","4,340","4,279","4,315","4,682","4,342","4,234","4,108","4,326","4,732","4,282","4,272","4,124","4,366","4,732","4,393","4,346","4,127","4,366","4,751","4,872","4,339","4,129","4,356","4,577","5,272","4,386","4,051","4,403","4,610","5,380","4,368","4,056","4,379","4,539","5,118","4,382","4,071","4,381","4,495","5,114","4,376","4,068","4,375","4,496","5,040","4,353","4,109","4,356","4,294","4,985","4,237","4,051","4,246","4,244","5,244","4,181","4,070","4,174","4,278","5,234","4,148","4,017","4,145","4,278","5,233","4,166","4,024","4,143","4,283","5,104","4,227","4,125","4,205","4,283","5,194","4,203","4,152","4,253","4,028","4,893","4,477","4,509","4,530","4,147","4,539","4,458","4,553","4,532","3,968","4,726","4,567","4,573","4,646","4,021","4,876","4,765","4,859","4,787","4,071","4,694","4,786","4,891","4,790","4,775","4,579","4,812","4,821","4,818","4,775","4,556","4,858","4,986","4,859","4,741","4,892","4,928","5,142","4,907","4,741","4,898","4,956","5,138","4,937","4,967","4,955","5,024","5,202","4,992","5,297","5,054","5,154","5,435","5,107","6,707","5,128","5,237","5,476","5,185","6,262","5,128","5,026","5,318","4,958","6,258","5,111","5,203","5,622","5,146","6,411","5,402","5,224","5,873","5,167","6,411","6,020","5,228","5,979","5,168","6,416","6,198","5,516","5,991","5,456","6,217","6,524","5,798","6,148","5,771","6,045","6,844","5,807","6,127","5,777","6,310","6,706","5,868","6,324","5,890","6,310","6,703","5,922","6,443","5,956","6,380","6,870","5,931","6,393","5,973","6,380","6,875"
5대광역시 및 세종특별자치시,소계,"2,727","2,566","2,710","2,714","2,870","2,742","2,579","2,738","2,656","3,026","2,788","2,733","2,774","2,655","3,027","2,829","2,743","2,816","2,655","3,045","2,825","2,751","2,813","2,655","3,045","2,846","2,755","2,840","2,658","3,070","2,867","2,781","2,859","2,708","3,134","2,871","2,794","2,861","2,741","3,095","2,889","2,807","2,884","2,833","3,112","2,891","2,812","2,886","2,852","3,138","2,882","2,787","2,876","2,902","3,198","2,875","2,775","2,868","2,902","3,122","2,990","2,861","2,996","2,857","3,331","2,936","2,845","2,935","2,909","3,720","2,972","2,898","2,972","2,898","3,780","2,965","2,916","2,966","2,898","3,780","2,978","2,933","2,976","2,898","3,780","2,994","2,971","2,990","2,932","3,733","3,061","2,985","3,053","2,967","3,696","3,111","3,101","3,110","2,899","3,696","3,138","3,063","3,138","2,860","3,678","3,238","3,073","3,247","2,998","3,604","3,257","3,050","3,253","2,989","3,649","3,269","3,129","3,242","2,988","3,502","3,224","3,035","3,215","3,048","3,237","3,215","3,053","3,197","3,190","3,220","3,221","3,152","3,212","3,286","3,376","3,231","3,165","3,226","3,286","3,376","3,221","3,135","3,214","3,286","3,376","3,227","3,112","3,223","3,286","3,366","3,258","3,120","3,258","3,227","3,096","3,281","3,135","3,280","3,231","3,492","3,297","3,149","3,299","3,231","3,466","3,299","3,159","3,301","3,573","3,376","3,307","3,174","3,304","3,573","3,374","3,400","3,191","3,398","3,764","3,777","3,378","3,286","3,374","3,728","4,167","3,409","3,283","3,407","3,634","4,085","3,594","3,490","3,592","3,640","4,045","3,621","3,507","3,617","3,747","4,057","3,622","3,507","3,618","3,747","4,057","3,604","3,526","3,599","3,747","3,976","3,659","3,691","3,640","4,033","4,217","3,719","3,685","3,698","4,073","4,475","3,720","3,616","3,701","3,987","4,368","3,771","3,672","3,750","3,984","4,395","3,762","3,812","3,731","4,035","4,406","3,621","3,644","3,592","4,127","4,405","3,741","3,759","3,714","4,120","4,371","3,739","3,753","3,715","4,100","4,431","3,721","3,777","3,700","4,108","4,439","3,730","3,779","3,710","3,993","4,436","3,737","3,784","3,716","3,990","4,436","3,716","3,788","3,704","3,990","4,420","3,766","3,785","3,767","4,230","4,581","3,832","3,839","3,832","4,618","4,434","3,919","3,910","3,924","4,545","4,442","3,958","3,944","3,967","4,538","4,512","3,962","3,959","3,965","4,482","4,483","3,966","3,956","3,972","4,483","4,494","3,863","3,955","3,948","4,436","4,265","3,892","4,015","3,980","4,436","4,256","3,904","3,950","4,088","4,440","4,239","4,000","3,966","4,090","4,262","4,249","4,095","3,972","4,136","4,274","4,281","4,112","3,982","4,136","4,265","4,311","4,152","3,987","4,117","4,115","4,320","4,213","4,156","4,183","3,875","4,337","4,225","4,170","4,201","3,880","4,431","4,223","4,248","4,190","3,900","4,453","4,202","4,253","4,169","3,900","4,432","4,212","4,095","4,168","3,900","4,447","4,221","4,178","4,179","3,900","4,453","4,265","4,214","4,221","4,066","4,566","4,369","4,314","4,369","4,790","4,800","4,407","4,267","4,374","4,793","4,793","4,440","4,284","4,408","4,796","4,852","4,513","4,356","4,486","4,799","5,535","4,640","4,356","4,624","5,026","5,192","4,658","4,234","4,647","4,865","5,308","4,717","4,273","4,717","4,913","5,036","4,673","4,309","4,714","5,289","4,981","4,678","4,294","4,697","5,289","5,072","4,694","4,429","4,712","5,289","5,072","4,785","4,547","4,786","5,268","5,413","4,885","4,825","4,878","5,188","5,411","4,893","4,973","4,878","5,463","5,613","5,037","5,023","4,889","5,463","5,921","4,931","5,032","4,902","5,507","5,490","5,010","5,141","4,976","5,507","5,350","5,049","5,144","5,012","5,507","5,412","5,183","5,310","5,151","5,520","5,956","5,167","5,439","5,136","5,837","5,825","5,161","5,314","5,109","6,046","6,167","5,249","5,329","5,190","6,015","6,752"
,부산,"3,112","2,950","2,999","2,957","3,500","3,131","2,982","3,037","2,957","3,739","3,127","2,951","3,032","2,957","3,739","3,152","2,951","3,057","2,957","3,812","3,154","2,999","3,060","2,957","3,812","3,178","2,951","3,102","2,957","3,727","3,169","2,973","3,087","2,930","3,727","3,148","2,977","3,071","3,096","3,536","3,150","2,972","3,069","3,253","3,723","3,158","2,999","3,081","3,297","3,874","3,185","3,051","3,101","3,383","3,874","3,200","3,047","3,107","3,383","3,874","3,097","3,070","3,087","3,395","3,840","3,083","3,039","3,070","3,395","3,840","3,253","3,030","3,249","3,354","4,214","3,244","3,030","3,240","3,354","4,214","3,243","3,030","3,239","3,354","4,214","3,290","3,123","3,273","3,354","3,931","3,289","3,089","3,307","3,354","3,931","3,549","3,136","3,626","3,013","3,928","3,616","3,229","3,698","3,013","3,818","3,614","3,277","3,718","3,492","3,378","3,589","3,457","3,639","3,455","3,642","3,594","3,467","3,558","3,442","3,636","3,723","3,587","3,735","3,454","3,549","3,820","3,720","3,778","3,714","3,883","3,842","3,737","3,803","3,692","3,869","3,842","3,737","3,803","3,692","3,869","3,850","3,744","3,812","3,692","3,869","3,817","3,654","3,789","3,692","3,830","3,863","3,654","3,835","3,692","3,830","3,853","3,704","3,822","3,705","3,840","3,884","3,737","3,873","3,705","3,844","3,950","3,734","3,933","4,004","3,875","3,972","3,809","3,946","4,004","3,783","4,090","3,863","4,073","4,456","4,173","4,036","3,846","4,018","4,349","4,434","4,040","3,778","4,036","4,066","4,293","4,068","3,778","4,064","4,066","4,293","4,068","3,778","4,064","4,066","4,293","4,068","3,778","4,064","4,066","4,293","4,068","3,857","4,059","4,066","4,344","3,927","3,857","3,917","4,066","4,344","3,924","3,789","3,920","4,583","4,623","3,906","3,826","3,909","4,323","4,571","3,872","3,788","3,872","4,323","4,558","3,931","3,971","3,924","4,474","4,596","4,023","3,921","4,019","4,420","4,552","4,040","3,860","4,056","4,401","4,433","3,985","3,749","4,010","4,401","4,322","3,884","3,711","3,907","4,401","4,322","3,884","3,711","3,907","4,401","4,322","3,924","3,760","3,941","4,401","4,322","3,950","3,789","3,965","4,401","4,322","3,908","3,814","3,921","4,401","4,322","4,022","3,976","4,047","4,372","4,218","4,022","3,975","4,042","4,154","4,131","4,081","3,955","4,112","4,107","4,135","4,020","3,883","4,054","3,940","4,020","4,020","3,891","4,051","3,940","4,020","3,974","3,967","3,966","3,799","3,887","4,112","4,118","4,100","3,799","3,947","4,256","4,293","4,221","3,842","3,947","4,254","4,293","4,218","3,842","3,947","4,292","4,333","4,272","3,842","3,947","4,292","4,333","4,272","3,842","3,947","4,372","4,390","4,356","3,842","3,947","4,418","4,416","4,404","3,823","4,078","4,406","4,380","4,400","3,945","4,518","4,392","4,233","4,376","3,971","4,518","4,358","4,202","4,327","3,971","4,518","4,358","4,202","4,327","3,971","4,518","4,420","4,506","4,415","3,971","4,379","4,614","4,724","4,606","3,971","4,379","5,081","4,927","5,112","5,926","5,427","5,135","4,927","5,168","5,926","5,427","5,188","5,006","5,224","5,926","5,427","5,121","4,948","5,147","5,926","5,427","5,121","4,948","5,147","5,926","5,427","5,311","5,130","5,358","5,243","6,086","5,436","5,244","5,501","5,243","6,086","5,452","5,263","5,519","5,243","6,086","5,436","5,282","5,484","5,243","6,086","5,458","5,300","5,505","5,243","6,086","5,597","5,279","5,624","5,243","7,009","6,007","5,731","6,040","5,243","7,009","5,896","5,840","5,907","4,560",-,"5,896","5,840","5,907","4,560",-,"5,793","5,912","5,797","4,691","4,856","5,818","6,290","5,805","4,691","4,856","5,870","6,309","5,856","4,691","4,575","6,089","6,417","6,070","4,822","4,804","6,249","6,897","6,218","5,771","4,804","6,269","6,967","6,229","5,771","4,804","6,643","7,103","6,571","7,335","7,727"
,대구,"2,682","2,614","2,696","2,557","2,598","2,749","2,503","2,806","2,557","2,743","2,962","3,282","2,971","2,532","2,743","3,086","3,341","3,103","2,532","2,743","3,064","3,341","3,079","2,532","2,743","3,119","3,341","3,154","2,539","2,743","3,132","3,341","3,168","2,539","2,743","3,132","3,385","3,166","2,539","2,743","3,134","3,385","3,165","2,839","2,743","3,130","3,385","3,153","2,884","2,743","3,147","3,182","3,154","3,045","3,045","3,147","3,182","3,154","3,045","3,045","3,147","3,182","3,154","3,045","3,045","3,109","3,182","3,114","3,045","5,014","3,144","3,500","3,151","3,045","5,014","3,121","3,608","3,129","3,045","5,014","3,158","3,608","3,167","3,045","5,014","3,200","3,848","3,208","3,216","5,014","3,179","3,848","3,182","3,216","4,712","3,179","3,848","3,182","3,216","4,712","3,246","3,555","3,250","3,019","4,712","3,870","3,555","3,887",-,"4,712","3,994","3,262","3,993",-,"4,712","3,839","3,454","3,824",-,"4,073","3,839","3,454","3,824",-,"4,073","3,658","3,466","3,654",-,"3,777","3,561","3,466","3,564",-,"3,543","3,585","3,521","3,587",-,"3,543","3,364","3,521","3,365",-,"3,543","3,392","3,521","3,404",-,"3,543","3,524","3,607","3,526","3,012","2,966","3,651","3,634","3,646","3,012","4,539","3,669","3,669","3,665","3,012","4,430","3,712","3,722","3,716","3,577","4,040","3,726","3,724","3,723","3,577","4,040","3,740","3,756","3,746","3,698","3,961","3,799","3,756","3,803","3,698","4,138","3,825","3,808","3,826","3,698","3,949","3,925","3,909","3,918","3,698","4,019","3,983","3,977","3,967","4,019","4,067","3,988","3,977","3,971","4,019","4,067","3,975","3,977","3,956","4,019","4,067","4,015","3,989","4,001","4,522","4,087","4,115","4,038","4,088","4,127","4,434","4,166","4,080","4,144","4,127","4,458","4,297","4,191","4,269","4,120","4,824","4,315","4,283","4,291","4,120","4,840","4,358","4,354","4,334","4,450","4,881","4,405","4,354","4,385","4,450","4,830","4,382","4,364","4,369","4,389","5,158","4,372","4,314","4,367","4,414","5,130","4,420","4,324","4,417","4,067","5,117","4,420","4,300","4,418","4,060","5,117","4,498","4,291","4,497","4,060","5,117","4,576","4,410","4,575","4,060","5,112","4,647","4,425","4,644","4,871","4,860","4,598","4,413","4,593","4,871","4,827","4,640","4,559","4,640","4,896","4,814","4,634","4,593","4,629","4,896","4,813","4,644","4,593","4,639","4,899","4,810","4,668","4,608","4,661","4,899","4,869","4,684","4,623","4,675","4,898","4,875","4,644","4,634","4,654","4,867","4,877","4,653","4,636","4,664","4,867","4,877","4,645","4,634","4,657","4,915","4,788","4,688","4,633","4,702","4,877","4,937","4,708","4,500","4,719","4,877","4,980","4,703","4,547","4,714","4,434","4,995","4,696","4,588","4,713","4,330","4,977","4,687","4,670","4,702","4,257","4,944","4,708","4,644","4,720","4,257","4,944","4,750","4,644","4,771","4,257","5,010","4,722","4,509","4,745","4,257","5,023","4,764","4,509","4,783","4,921","5,158","4,851","4,568","4,863","4,951","5,144","4,843","4,563","4,854","4,951","5,131","4,969","4,563","4,979","4,962","5,346","4,977","4,663","4,967","4,975","5,374","4,894","4,663","4,910","4,975","4,902","4,863","4,658","4,868","5,014","4,938","4,978","4,752","4,984","5,206","5,723","5,090","4,946","5,091","5,289","5,800","5,085","4,841","5,089","5,289","5,800","5,080","4,841","5,083","5,289","5,800","5,109","5,048","5,103","5,226","5,800","5,020","5,048","5,024","4,987","5,789","5,121","5,292","5,070","4,987","6,371","5,139","5,292","5,097","4,987","6,403","5,178","5,292","5,155","4,987","6,403","5,178","5,292","5,156","4,987","5,723","5,178","5,292","5,156","4,987","5,723","5,469","5,292","5,499","4,896","6,527","5,142","5,089","5,220","4,896","5,769","4,957","4,806","4,893","4,974","6,471","5,057","4,763","4,976","4,974","6,471"
,광주,"2,420","2,253","2,439",-,-,"2,424","2,251","2,444",-,-,"2,476","2,395","2,489",-,-,"2,569","2,395","2,582",-,-,"2,569","2,395","2,582",-,-,"2,590","2,470","2,601",-,-,"2,700","2,600","2,696","2,754","3,518","2,722","2,567","2,723","2,754","3,518","2,737","2,567","2,743","2,754","3,518","2,742","2,567","2,748","2,754","3,518","2,726","2,567","2,728","2,754","3,518","2,721","2,567","2,724","2,754","3,087","2,725","2,568","2,728","2,754","3,087","2,775","2,559","2,784","2,817","3,273","2,783","2,557","2,794","2,817","3,273","2,778","2,557","2,790","2,817","3,273","2,778","2,557","2,790","2,817","3,273","2,783","2,448","2,798","2,817","3,273","2,854","2,448","2,852","2,880","3,358","2,890",-,"2,877","2,880","3,358","2,912",-,"2,899","2,880","3,358","2,894",-,"2,881","2,880","3,358","2,903",-,"2,890","2,880","3,358","2,945",-,"2,935","2,880","3,037","2,912","2,776","2,906","2,880","3,016","2,895","2,776","2,888",-,"2,865","2,896","2,776","2,890",-,"2,865","2,894","2,776","2,887",-,"2,865","2,894","2,776","2,887",-,"2,865","2,930","2,776","2,924",-,"2,865","2,885","2,776","2,890",-,"2,453","2,906","2,776","2,911",-,"2,453","3,000","2,776","3,004",-,"2,453","2,935","2,776","2,939",-,"2,453","2,935","2,776","2,939",-,"2,453","2,931","2,776","2,931",-,"2,655","3,044","3,264","3,045",-,-,"3,201","3,264","3,201",-,-,"3,284","3,207","3,282",-,-,"3,311","3,207","3,313",-,-,"3,311","3,207","3,313",-,-,"3,311","3,207","3,313",-,-,"3,313","3,226","3,314",-,-,"3,516","3,226","3,513",-,"4,881","3,595","3,226","3,589",-,"4,374","3,752","3,292","3,750",-,"4,159","3,721","3,580","3,720",-,"4,159","3,721","3,580","3,720",-,"4,159","3,771","3,647","3,771",-,"4,159","3,836","3,717","3,841",-,"4,246","3,834","3,926","3,852",-,"4,310","3,843","3,926","3,861",-,"4,310","3,843","3,926","3,861",-,"4,310","3,843","3,926","3,861",-,"4,310","3,844","3,924","3,863",-,"4,310","3,833","3,924","3,840","4,610","4,128","3,818","3,924","3,822","4,610","4,281","3,845","4,011","3,843","4,610","4,568","3,694","3,794","3,692","4,610","4,568","3,722","3,900","3,723","4,610","4,615","3,722","3,900","3,723","4,610","4,615","3,745","4,031","3,734","4,610","4,502","3,703","3,521","3,702","4,610","4,420","3,911","3,521","3,910","4,610","4,420","4,213","3,521","3,910","4,610","4,670","4,218","3,521","3,919","4,610","4,670","4,218","3,521","3,919","4,610","4,670","4,236","3,556","3,955",-,"4,802","4,295","3,556","4,052",-,"4,757","4,292","3,556","4,048",-,"4,757","4,291","3,556","4,060",-,"4,674","4,338","2,957","4,027",-,"4,668","4,271","3,259","3,997",-,"4,668","4,297","3,259","4,023",-,"4,987","4,405","3,892","4,420",-,"4,951","4,417","3,892","4,451",-,"4,951","4,416","3,892","4,451",-,"4,973","4,544","3,892","4,587",-,"4,973","4,544","3,892","4,587",-,"4,973","4,543","3,561","4,587",-,"4,973","4,656","3,561","4,714",-,"4,973","4,666","3,561","4,731",-,"4,973","4,736","3,561","4,754",-,"5,523","4,654","4,072","4,664",-,"5,523","4,724","4,583","4,709",-,"5,523","4,753","4,583","4,739",-,"5,523","4,432","4,583","4,429",-,-,"5,233","4,583","4,439",-,"6,814","4,629","4,583","4,540",-,"5,724","5,046","4,583","4,980",-,"5,724","5,046","4,583","4,980",-,"5,724","5,508","5,455","5,396",-,"7,561","5,508","5,455","5,396",-,"7,561","5,499","5,455","5,408",-,"7,357","5,531","5,455","5,442","4,327","7,357"
,대전,"2,454","2,585","2,428","2,461",-,"2,454","2,585","2,428","2,461",-,"2,454","2,585","2,428","2,461",-,"2,454","2,585","2,428","2,461",-,"2,454","2,585","2,428","2,461",-,"2,454","2,585","2,428","2,461",-,"2,449","2,529","2,425",-,-,"2,465","2,582","2,427",-,-,"2,562","2,648","2,547",-,-,"2,562","2,648","2,547",-,-,"2,562","2,648","2,547",-,-,"2,517","2,602","2,492",-,-,"3,066","3,013","3,072","2,600","4,328","2,685","2,671","2,660","2,600","4,328","2,685","2,671","2,660","2,600","4,328","2,685","2,671","2,660","2,600","4,328","2,721","2,776","2,681","2,600","4,328","2,721","2,776","2,681","2,600","4,328","2,739","2,849","2,685","2,600","4,328","2,739","2,849","2,685","2,600","4,328","2,739","2,849","2,685","2,600","4,328","2,738","2,849","2,699","2,834","4,328","2,738","2,849","2,699","2,834","4,328","2,894","3,019","2,857","2,834","4,328","2,729","2,729","2,715","3,067",-,"2,782","2,693","2,763","3,067",-,"2,706","2,628","2,690","3,067",-,"2,744","2,628","2,750","3,067",-,"2,887","2,498","2,882","3,067",-,"2,887","2,498","2,882","3,067",-,"2,972","2,498","2,977","3,067",-,"2,972","2,498","2,977","3,067",-,"2,972","2,498","2,977","3,067",-,"2,939","2,498","2,946",-,-,"2,939","2,498","2,946",-,-,"3,367","2,498","3,366",-,"4,877","3,350","2,498","3,342",-,"4,877","3,350","2,498","3,342",-,"4,877","3,640",-,"3,632",-,"4,877","3,689",-,"3,677",-,"4,877","3,689",-,"3,677",-,"4,877","3,610",-,"3,603",-,"4,505","3,582",-,"3,575",-,"4,505","3,582",-,"3,575",-,"4,505","3,476","3,334","3,470",-,"4,505","3,477","3,416","3,467",-,"4,505","3,385","3,416","3,327",-,"4,505","3,442","3,611","3,369",-,"4,500","3,632","3,534","3,567",-,"4,500","3,632","3,534","3,567",-,"4,500","3,632","3,534","3,567",-,"4,500","3,632","3,534","3,567",-,"4,500","3,632","3,534","3,567",-,"4,500","3,402","3,534","3,395",-,-,"3,356","3,375","3,363",-,-,"3,336","3,361","3,345",-,-,"3,408","3,384","3,428",-,-,"3,349","3,330","3,357",-,-,"3,328","3,330","3,330",-,-,"3,281","3,167","3,307",-,-,"3,206","3,061","3,228",-,-,"3,206","3,061","3,228",-,-,"3,206","3,061","3,228",-,-,"3,206","3,061","3,228",-,-,"3,442","3,061","3,457",-,-,"3,442","3,061","3,457",-,-,"3,480","3,168","3,480",-,-,"3,701","4,072","3,697",-,-,"3,696","4,069","3,692",-,-,"3,696","4,069","3,692",-,-,"3,696","4,069","3,692",-,-,"3,717","3,862","3,715",-,-,"3,743","3,890","3,742",-,-,"3,743","3,890","3,742",-,-,"3,762","3,890","3,766",-,-,"3,987","4,170","3,988",-,-,"4,008","4,189","4,010",-,-,"4,008","4,189","4,010",-,-,"4,146","4,189","4,155",-,"3,950","4,156","4,221","4,161",-,"3,950","4,170","4,221","4,179",-,"3,950","4,170","4,221","4,175",-,"3,950","4,170","4,221","4,175",-,"3,950","4,330","4,503","4,334",-,"3,950","4,578","4,509","4,560",-,"4,906","4,587","4,643","4,578",-,"4,906","4,636","4,643","4,629",-,"5,131","4,679","4,941","4,659",-,"5,131","4,714","4,924","4,686",-,"5,131","4,714","4,924","4,686",-,"5,131","4,895","4,924","4,852",-,"5,721","4,895","4,924","4,852",-,"5,721","4,933","5,422","4,864",-,"5,721","5,070","4,880","5,006","6,597","6,930","5,070","4,880","5,006","6,597","6,930"
,울산,"3,053","2,422","3,040","2,951","2,690","3,043","2,584","3,048","2,663","2,874","3,043","2,584","3,048","2,663","2,874","3,046","2,584","3,053","2,663","2,874","3,046","2,584","3,053","2,663","2,874","3,066","2,584","3,075","2,663","3,057","3,072","2,586","3,076","2,663","2,967","3,077","2,600","3,080","2,663","2,967","3,069","2,557","3,074","2,663","2,967","3,069","2,557","3,074","2,663","2,967","2,976","2,557","2,990","2,663","2,967","2,976","2,557","2,990","2,663","2,967","3,205","2,557","3,223","2,663","3,033","3,260","2,842","3,274",-,"3,195","3,260","2,858","3,272",-,"3,177","3,260","2,858","3,272",-,"3,177","3,263","2,858","3,274",-,"3,177","3,263","2,858","3,274",-,"3,177","3,578","2,904","3,591",-,"3,137","3,578","2,904","3,591",-,"3,137","3,582","2,904","3,594",-,"3,137","3,582","2,904","3,594",-,"3,137","3,582","2,904","3,594",-,"3,137","3,582","2,904","3,594",-,"3,137","3,385","2,904","3,388",-,"2,761","3,374","2,904","3,378",-,"2,761","3,162",-,"3,162",-,-,"3,162",-,"3,162",-,-,"3,174",-,"3,174",-,-,"3,174",-,"3,174",-,-,"3,174",-,"3,174",-,-,"3,174",-,"3,174",-,-,"3,125",-,"3,125",-,-,"3,125",-,"3,125",-,-,"3,125",-,"3,125",-,-,"3,125",-,"3,125",-,-,"2,890",-,"2,890",-,-,"2,890",-,"2,890",-,-,-,-,-,-,-,-,-,-,-,-,-,-,-,-,-,-,-,-,-,-,-,-,-,-,-,-,-,-,-,-,-,-,-,-,-,-,-,-,-,-,-,-,-,-,-,"2,725","2,755","2,716",-,-,"3,140","3,399","3,110",-,-,"3,140","3,399","3,110",-,-,"3,143","3,399","3,114",-,-,"3,143","3,399","3,114",-,-,"3,143","3,399","3,114",-,-,"3,143","3,399","3,114",-,-,"3,143","3,399","3,114",-,-,"3,324","3,510","3,282",-,"4,530","3,749","3,854","3,735",-,"4,530","3,876","3,865","3,883",-,"4,530","4,135","4,195","4,121",-,"4,530","4,162","4,231","4,141",-,"4,530","4,183","4,240","4,163",-,"4,530","4,183","4,240","4,163",-,"4,530","4,190","4,242","4,637",-,"4,530","4,178","4,242","4,618",-,"4,530","4,178","4,242","4,618",-,"4,530","4,232","4,303","4,567",-,"4,530","4,337","4,303","4,327","3,515","4,530","4,420","4,304","4,427","3,515",-,"4,455","4,389","4,445","3,515",-,"4,469","4,916","4,438","3,515",-,"4,353","5,009","4,331","3,515",-,"4,303","4,862","4,290","3,515",-,"4,303","4,862","4,290","3,515",-,"4,303","4,862","4,290","3,515",-,"4,378","4,862","4,358","4,425",-,"4,446","4,862","4,419","4,425",-,"4,446","4,862","4,419","4,425",-,"4,815","5,258","4,843","4,425","8,239","5,523","5,258","5,581","5,334","8,239","5,460","4,647","5,543","5,334","8,239","5,449","4,672","5,558","5,334","5,821","5,449","4,672","5,558","5,334","5,821","5,434","4,672","5,475","5,334","5,821","5,434","4,672","5,475","5,334","5,821","5,492","4,672","5,515","5,334","5,985","5,737","5,756","5,678","5,334","5,985","5,552","5,756","5,514","6,843","5,337","5,552","5,756","5,514","6,843","5,337","5,552","5,756","5,514","6,843","5,337","5,583","6,034","5,511","6,843","5,316","5,583","6,034","5,511","6,843","5,316","5,415","6,049","5,371","6,843","5,165","5,452","6,049","5,402","6,843","5,272","5,452","6,049","5,402","6,843","5,272","5,475","6,049","5,425","6,843","5,272"
,세종,"2,642","2,572","2,657","2,644","2,692","2,648","2,572","2,666","2,644","2,749","2,665","2,601","2,676","2,661","2,752","2,665","2,601","2,676","2,661","2,752","2,665","2,601","2,676","2,661","2,752","2,670","2,601","2,681","2,670","2,752","2,680","2,656","2,699","2,654","2,714","2,680","2,656","2,699","2,654","2,714","2,683","2,715","2,704","2,660","2,610","2,687","2,715","2,713","2,664","2,589","2,694","2,715","2,735","2,664","2,585","2,689","2,698","2,738","2,665","2,638","2,700","2,778","2,709","2,687","2,651","2,702","2,778","2,709","2,687","2,670","2,705","2,769","2,706","2,676","2,673","2,705","2,769","2,706","2,676","2,673","2,705","2,769","2,706","2,676","2,673","2,705","2,769","2,706","2,676","2,673","2,729","2,769","2,698","2,787","2,713","2,729","2,769","2,698","2,787","2,713","2,733","2,779","2,703","2,787","2,713","2,733","2,779","2,703","2,787","2,713","2,734","2,779","2,703","2,787","2,719","2,758","2,803","2,684","2,796","2,799","2,759","2,760","2,723","2,790","2,787","2,760","2,760","2,723","2,790","2,812","3,161",-,"3,164","3,099","3,227","3,161",-,"3,164","3,099","3,227","3,161",-,"3,164","3,099","3,227","3,161",-,"3,164","3,099","3,227","3,131","3,064","3,147","3,138","3,135","3,131","3,064","3,147","3,138","3,135","3,131","3,064","3,147","3,138","3,135","3,131","3,064","3,147","3,138","3,135","3,148","3,064","3,147","3,138","3,220","3,148","3,064","3,147","3,138","3,220","3,148","3,064","3,147","3,138","3,220","3,148","3,064","3,147","3,138","3,220","3,055","3,064","3,063","3,155","2,990","3,055","3,064","3,063","3,155","2,990","3,055","3,064","3,063","3,155","2,990","3,055","3,064","3,063","3,155","2,990","3,458",-,"3,395","3,510","3,931","3,458",-,"3,395","3,510","3,931","3,458",-,"3,395","3,510","3,931","3,458",-,"3,395","3,510","3,931","3,458",-,"3,395","3,510","3,931","3,458",-,"3,395","3,510","3,931","3,458",-,"3,395","3,510","3,931","3,458",-,"3,395","3,510","3,931","3,458",-,"3,395","3,510","3,931","3,458",-,"3,395","3,510","3,931","3,458",-,"3,395","3,510","3,931","3,458",-,"3,395","3,510","3,931",-,-,-,-,-,-,-,-,-,-,-,-,-,-,-,-,-,-,-,-,-,-,-,-,-,-,-,-,-,-,"3,424",-,-,-,"3,424","3,424",-,-,-,"3,424","3,424",-,-,-,"3,424","3,798","4,041","3,903","3,729","3,472","3,798","4,041","3,903","3,729","3,472","3,798","4,041","3,903","3,729","3,472","3,798","4,041","3,903","3,729","3,472","3,798","4,041","3,903","3,729","3,472","3,798","4,041","3,903","3,729","3,472","3,804","4,041","3,883","3,858","3,593","3,804","4,041","3,883","3,858","3,593","3,804","4,041","3,883","3,858","3,593","3,869","4,041","3,883","3,858","3,741","3,869","4,041","3,883","3,858","3,741","3,739","3,745","3,694","3,858","3,677","3,614","3,189","3,364","3,870","3,661","3,614","3,189","3,364","3,870","3,661","3,614","3,189","3,364","3,870","3,661","3,614","3,189","3,364","3,870","3,661","3,614","3,189","3,364","3,870","3,661","3,614","3,189","3,364","3,870","3,661","3,208","3,189","3,208",-,"3,254","3,208","3,189","3,208",-,"3,254","3,208","3,189","3,208",-,"3,254","3,208","3,189","3,208",-,"3,254","3,208","3,189","3,208",-,"3,254","3,721","3,724","3,717",-,-,"3,721","3,724","3,717",-,-,"3,721","3,724","3,717",-,-,"3,721","3,724","3,717",-,-,"3,721","3,724","3,717",-,-,"3,721","3,724","3,717",-,-,"3,721","3,724","3,717",-,-,"3,721","3,724","3,717",-,-,"3,721","3,724","3,717",-,-
기타지방,소계,"2,118","2,140","2,125","2,416","2,417","2,120","2,138","2,126","2,396","2,420","2,137","2,150","2,144","2,441","2,412","2,139","2,154","2,148","2,443","2,385","2,145","2,168","2,155","2,499","2,389","2,130","2,122","2,142","2,512","2,355","2,175","2,210","2,190","2,560","2,423","2,173","2,211","2,186","2,574","2,421","2,213","2,219","2,213","2,622","2,473","2,215","2,216","2,218","2,625","2,474","2,232","2,219","2,225","2,622","2,492","2,261","2,377","2,257","2,604","2,543","2,272","2,418","2,271","2,598","2,493","2,277","2,412","2,271","2,645","2,485","2,294","2,470","2,285","2,690","2,517","2,292","2,479","2,282","2,690","2,521","2,287","2,478","2,274","2,691","2,531","2,276","2,495","2,268","2,682","2,532","2,323","2,579","2,306","2,660","2,632","2,361","2,577","2,341","2,771","2,801","2,362","2,582","2,355","2,863","2,789","2,373","2,664","2,361","2,879","2,780","2,411","2,689","2,402","2,901","2,787","2,393","2,708","2,380","2,815","2,556","2,392","2,722","2,372","2,611","2,571","2,477","2,748","2,456","2,425","2,613","2,503","2,771","2,482","2,387","2,649","2,524","2,777","2,502","2,491","2,639","2,560","2,775","2,518","2,492","2,650","2,614","2,778","2,571","2,601","2,659","2,629","2,818","2,585","2,724","2,689","2,664","2,825","2,619","2,742","2,733","2,635","2,824","2,588","2,728","2,750","2,570","2,446","2,562","2,799","2,752","2,553","2,475","2,549","2,799","2,747","2,568","2,497","2,564","2,768","2,786","2,578","2,503","2,573","2,806","2,773","2,581","2,663","2,580","2,808","2,738","2,614","2,647","2,617","2,860","2,829","2,622","2,658","2,623","2,863","2,826","2,628","2,661","2,628","2,863","2,878","2,635","2,658","2,635","2,865","2,966","2,632","2,642","2,627","2,824","3,039","2,644","2,638","2,640","2,841","3,019","2,686","2,631","2,688","2,867","3,058","2,707","2,646","2,708","2,807","3,109","2,728","2,652","2,725","2,807","3,122","2,745","2,630","2,745","2,817","3,202","2,797","2,631","2,794","2,874","3,210","2,799","2,519","2,794","2,963","3,256","2,779","2,526","2,778","2,963","3,106","2,810","2,715","2,807","3,035","3,148","2,759","2,728","2,756","3,035","3,050","2,750","2,742","2,746","2,970","3,173","2,835","2,809","2,832","3,019","3,161","2,875","2,839","2,867","3,379","3,172","2,908","2,846","2,902","3,319","3,174","2,972","2,988","2,983","3,217","3,110","3,017","3,133","3,012","3,219","3,237","3,039","3,189","3,052","3,219","3,201","3,040","3,033","3,057","3,176","3,271","3,088","3,079","3,053","3,298","3,340","3,094","3,067","3,085","3,230","3,316","3,159","3,110","3,148","3,230","3,314","3,192","3,055","3,199","3,273","3,289","3,417","3,062","3,428","3,236","3,823","3,407","3,070","3,408","3,256","3,810","3,435","2,847","3,431","3,146","3,816","3,467","2,871","3,471","3,262","3,805","3,609","2,832","3,619","3,276","3,871","3,623","2,799","3,622","3,311","3,903","3,625","2,795","3,626","3,305","3,922","3,441","2,880","3,413","3,792","3,872","3,433","2,846","3,409","3,740","3,772","3,442","2,911","3,414","3,907","3,813","3,473","2,935","3,444","3,938","3,862","3,485","3,024","3,478","3,788","3,865","3,434","3,041","3,426","3,806","3,877","3,494","3,070","3,476","3,948","3,939","3,530","3,150","3,522","4,088","3,941","3,551","3,149","3,666","4,058","3,942","3,547","3,175","3,659","4,079","3,989","3,649","3,213","3,718","4,083","4,033","3,696","3,229","3,755","4,090","4,081","3,759","3,520","3,788","4,053","4,055","3,813","3,635","3,693","4,054","4,095","3,876","3,957","3,808","4,015","4,105","3,899","3,993","3,842","4,013","4,111","3,926","4,016","3,851","4,038","4,139","3,982","3,984","3,915","4,069","4,140","3,999","3,980","3,933","4,071","4,170","3,978","3,929","3,911","4,121","4,173","4,000","3,976","3,955","4,101","4,349","4,040","4,032","3,994","4,198","4,474","4,153","4,173","4,132","3,826","4,619"
,강원,"2,167","2,286","2,212","2,061","2,171","2,171","2,292","2,193","2,061","2,171","2,171","2,292","2,193","2,061","2,171","2,173","2,290","2,199","2,061","2,171","2,173","2,290","2,200",-,"2,350","2,194","2,249","2,221",-,"2,350","2,140","2,143","2,183",-,"2,350","2,117","2,113","2,150",-,"2,289","2,104","2,099","2,136",-,"2,339","2,101","2,069","2,139",-,"2,339","2,098","2,073","2,132",-,"2,402","2,100","2,075","2,135",-,"2,380","2,137","2,111","2,138","2,031","2,191","2,071","2,017","2,073","2,031","2,191","2,087","2,085","2,085","2,248","2,247","2,085","2,084","2,083","2,213","2,246","2,090","2,082","2,090","2,221","2,251","2,068","2,072","2,070","2,221","2,251","2,068","2,072","2,070","2,221","2,251","2,084","2,096","2,084","2,221","2,282","2,131","2,149","2,125","2,221","2,400","2,146","2,167","2,141","2,221","2,401","2,268","2,242","2,269","2,221","2,401","2,235","2,237","2,225","2,221","2,319","2,279","2,225","2,266","2,012","2,392","2,319","2,242","2,309","2,223","2,751","2,302","2,203","2,293","2,239","2,699","2,324","2,216","2,322","2,591","2,704","2,323","2,252","2,320","2,595","2,856","2,391","2,269","2,387","2,830","2,923","2,277","2,269","2,273","2,830","2,611","2,289","2,269","2,280","2,864","2,631","2,292","2,282","2,287","2,864","2,592","2,312","2,284","2,309","2,864","2,665","2,324","2,401","2,323","2,864","2,665","2,329","2,405","2,327","2,864","2,665","2,357","2,423","2,358","2,864","2,665","2,386","2,452","2,380","2,865","2,528","2,326","2,452","2,319","2,865","2,387","2,359","2,525","2,347","3,068","2,319","2,359","2,525","2,347","3,068","2,319","2,405","2,574","2,394","3,022","2,311","2,534","2,523","2,522","3,022","2,628","2,496","2,523","2,489","3,329","2,574","2,508","2,540","2,500","3,329","2,574","2,491","2,550","2,475","3,329","2,823","2,492","2,574","2,476","3,329","2,823","2,482","2,547","2,458","3,329","3,233","2,460","2,563","2,442","3,329","3,233","2,510","2,561","2,489","3,329","3,598","2,510","2,561","2,489","3,329","3,598","2,487","2,560","2,464","3,329","3,891","2,523","2,560","2,501","3,329","3,906","2,468","2,517","2,438",-,"3,906","2,639","2,633","2,592",-,"4,208","2,662","2,649","2,596",-,"4,208","2,753","2,649","2,669",-,"4,208","2,866","2,957","2,925","2,743","4,112","2,990","3,112","2,925","2,743","4,112","3,128","3,355","3,208","2,743","3,936","3,128","3,355","3,208","2,743","3,936","3,150","3,591","2,916","2,743","3,936","3,138","3,587","3,045","2,880","4,273","3,138","3,587","3,045","2,880","4,273","3,152","3,304","3,083","2,880","4,132","2,902","3,304","2,855","2,729","3,787","2,880","3,202","2,839","2,729","3,742","2,865","3,097","2,830","2,754","3,856","2,921","3,188","2,888","2,754","3,731","2,804","3,057","2,804","2,811","3,305","2,804","2,841","2,804","2,811","3,305","2,857","2,867","2,846","2,811","3,309","2,971","2,980","2,874","3,474","3,511","3,009","2,908","2,928","3,474","3,511","3,031","3,105","2,953","3,514","3,509","3,031","3,105","2,953","3,514","3,509","3,070","3,158","2,994","3,514","3,631","3,138","3,158","3,062","3,786","3,876","3,183","3,218","3,099","3,786","3,812","3,200","3,327","3,112","4,105","3,810","3,237","3,248","3,134","4,105","4,258","3,250","3,248","3,110","4,294","4,404","3,280","3,261","3,150","4,294","4,415","3,297","3,299","3,118","4,050","4,515","3,454","3,223","3,105","3,633","4,266","3,757","3,429","3,335","3,625","4,264","3,845","3,261","3,511","3,625","4,262","3,845","3,261","3,511","3,625","4,262","3,845","3,261","3,511","3,625","4,262","3,921","3,261","3,653","3,625","4,262","3,930","3,261","3,671","3,625","4,265","3,930","3,261","3,671","3,625","4,265","3,758","3,354","3,732","3,688","4,361","4,050","3,467","4,029","3,681","4,689","4,053","3,526","4,041","3,557","4,674"
,충북,"2,032","1,919","2,033","2,102","2,369","2,004","1,921","2,015","1,868","2,277","2,005","1,941","2,017","2,276","2,261","2,008","1,952","2,021","2,276","2,261","2,008","1,952","2,021","2,276","2,261","1,980","1,925","2,021","2,276","2,261","1,968","1,915","2,010","2,276","2,261","1,980","1,925","2,024","2,276","2,271","2,047","2,007","2,108","2,276","2,243","2,075","2,044","2,150","2,276","2,243","2,124","2,044","2,149","2,321","2,243","2,125","2,044","2,153","2,321","2,243","2,098","2,078","2,169","2,684","2,247","2,125","2,082","2,144","2,711","2,221","2,081","2,099","2,100","2,855","2,362","2,105","2,142","2,124","2,855","2,362","2,044","2,049","2,061","2,855","2,358","1,976","2,155","1,983","2,855","2,358","2,040","2,155","2,045","2,563","2,333","2,050","2,162","2,048","2,563","2,564","2,043","2,162","2,041","2,563","2,500","2,043","2,162","2,041","2,563","2,500","2,050","2,162","2,048","2,563","2,500","2,054","2,162","2,053","2,563","2,500","2,060","2,162","2,058","2,563","2,500","2,077","2,203","2,076","2,271","2,504","2,077","2,203","2,076","2,271","2,504","2,077","2,203","2,076","2,271","2,504","2,166","2,348","2,165","2,271","2,485","2,455","2,348","2,456","2,471","2,482","2,631","2,348","2,631","2,671","2,680","2,636","2,348","2,636","2,725","2,683","2,386","2,286","2,382","2,725","2,773","2,390","2,286","2,386","2,725","2,719","2,390","2,286","2,386","2,725","2,719","2,384","2,286","2,380","2,725","2,719","2,384","2,286","2,380","2,725","2,719","2,367","2,261","2,383","2,725","2,689","2,367","2,261","2,383","2,725","2,689","2,367","2,261","2,383","2,725","2,689","2,288","2,158","2,298","2,725","2,689","2,291","2,158","2,301","2,789","2,696","2,302","2,158","2,313","2,789","2,696","2,297","2,158","2,314","2,576","2,673","2,327","2,149","2,359","2,576","2,673","2,290","2,149","2,316","2,576","2,532","2,239","2,124","2,261","2,576","2,532","2,263","2,303","2,284","2,576","2,532","2,272","2,286","2,292","2,634","2,532","2,303","2,324","2,293","2,634","2,532","2,305","2,324","2,297","2,634","2,532","2,305","2,324","2,297","2,634","2,532","2,395","2,420","2,384","2,634","2,532","2,400","2,420","2,390","2,634","2,756","2,400","2,420","2,390","2,634","2,756","2,405","2,420","2,392","2,739","2,818","2,409","2,420","2,399","2,739","2,818","2,409","2,420","2,399","2,739","2,818","2,403","2,398","2,399","2,739","2,818","2,394","2,388","2,397","2,739","2,818","2,392","2,386","2,399",-,"2,818","2,448","2,431","2,466",-,"2,798","2,584","2,591","2,605","2,706","2,797","2,584","2,591","2,605","2,706","2,797","2,608","2,591","2,679","2,706","2,797","2,612","2,598","2,713","2,706","2,810","2,602","2,598","2,678","2,706","2,750","2,602","2,598","2,643","2,688","2,750","2,627","2,598","2,666","2,688","2,750","2,632","2,600","2,672","2,688","2,750","2,636","2,594","2,672","2,688","2,750","2,646","2,596","2,672","2,688","2,750","2,646","2,596","2,672","2,688","2,750","2,644","2,589","2,671","2,688","2,734","2,729","2,657","2,735","2,752","2,775","2,750","2,657","2,752","2,967","2,925","2,740","2,657","2,739","2,967","2,925","2,736","2,764","2,735","2,967","2,894","2,840","2,764","2,836","3,082","3,111","2,934","2,998","2,936","3,213","3,222","2,993","2,998","2,994","3,213","3,241","3,002","3,167","3,000","3,213","3,241","3,001","3,167","3,008","3,190","3,226","3,026","3,318","3,029","3,369","3,175","3,021","3,318","3,024","3,232","3,174","3,021","3,318","3,024","3,232","3,174","3,188","3,318","3,189","3,232","3,281","3,188","3,318","3,205","3,219","3,295","3,209","3,318","3,222","3,219","3,329","3,223","3,332","3,212","3,219","3,329","3,271","3,332","3,248","3,305","3,392","3,196","3,356","3,175","3,302","3,266","3,215","3,356","3,191","3,302","3,365","3,216","3,415","3,192","3,302","3,365","3,250","3,415","3,203","3,568","3,396"
,충남,"2,099","2,206","2,101","2,743","2,442","2,100","2,214","2,105","2,523","2,468","2,269","2,438","2,279","2,523","2,444","2,270","2,481","2,281","2,541","2,444","2,272","2,496","2,282","2,541","2,444","2,115","2,226","2,114","2,541","2,444","2,169","2,295","2,160","2,541","2,638","2,166","2,301","2,150","2,554","2,638","2,198","2,299","2,188","2,614","2,749","2,198","2,299","2,188","2,614","2,749","2,235","2,328","2,225","2,614","2,765","2,236","2,328","2,225","2,614","2,765","2,247","2,290","2,243","2,614","2,765","2,277","2,322","2,278","2,926","2,685","2,274","2,355","2,273","2,926","2,685","2,235","2,335","2,236","2,963","2,679","2,236","2,335","2,238","2,963","2,679","2,237","2,335","2,239","2,963","2,679","2,221","2,330","2,228","2,963","2,758","2,222","2,327","2,229","2,963","2,758","2,274","2,355","2,265","2,963","2,560","2,275","2,355","2,267","2,963","2,560","2,257","2,328","2,269","2,963","2,623","2,257","2,328","2,269","2,963","2,623","2,283","2,402","2,298","2,963","2,623","2,258","2,403","2,271",-,"2,283","2,357","2,506","2,373",-,"2,283","2,394","2,421","2,409",-,"2,283","2,394","2,421","2,409",-,"2,283","2,394","2,421","2,409",-,"2,283","2,394","2,421","2,409",-,"2,283","2,453","2,416","2,465",-,"2,537","2,467","2,452","2,467","2,657","2,580","2,467","2,452","2,467","2,657","2,580","2,446","2,491","2,451","2,657","2,729","2,446","2,491","2,451","2,657","2,729","2,446","2,491","2,451","2,657","2,729","2,421","2,408","2,412","2,657","2,729","2,415","2,408","2,394","2,657","2,729","2,463","2,487","2,437","2,657","2,729","2,571","2,487","2,550","2,657","2,729","2,597","2,561","2,569","2,657","2,729","2,609","2,596","2,576","2,657","2,729","2,702","2,569","2,662","2,657","2,667","2,618","2,507","2,600",-,-,"2,670","2,545","2,683",-,"2,839","2,641","2,595","2,656",-,"2,835","2,583","2,366","2,615",-,"2,835","2,602","2,332","2,629","3,201","2,835","2,602","2,332","2,629","3,201","2,835","2,640","2,382","2,666","3,201","2,835","2,640","2,382","2,666","3,201","2,835","2,604","2,389","2,622","3,201","2,835","2,608","2,390","2,631","3,201","2,835","2,639","2,500","2,671","3,201","2,835","2,647","2,513","2,675","3,201","2,835","2,681","2,520","2,717","3,201","2,835","2,708","2,467","2,741","3,163","2,833","2,711","2,444","2,739","3,163",-,"2,732","2,579","2,755","3,163",-,"2,691","2,582","2,719","2,954",-,"2,782","2,755","2,805","2,954",-,"2,761","2,671","2,786","2,954",-,"2,761","2,671","2,786","2,954",-,"2,770","2,670","2,794","2,954",-,"2,765","2,667","2,783","2,954","3,381","2,779","2,747","2,789","3,098","3,381","2,781","2,781","2,791","3,098","3,251","2,808","2,806","2,808","3,098","3,251","2,832","2,826","2,827","3,085","3,224","2,879","2,834","2,873","3,085","3,429","2,892","2,860","2,885","3,085","3,429","2,918","2,906","2,907","3,388","3,429","2,870","2,872","2,861","3,388","3,461","2,929","2,942","2,924","3,832","3,461","2,980","2,942","2,975","3,832","3,582","2,981","2,942","3,156","3,832","3,582","3,035","2,964","3,242","3,832","3,596","3,043","2,960","3,246","4,277","3,596","3,059","2,962","3,302","4,277","3,754","3,065","3,001","4,294","4,277","3,754","3,095","3,001","4,318","4,277","3,907","3,150","3,099","4,376","3,840","3,815","3,150","3,099","4,375","3,840","3,815","3,309","3,219","4,525","4,003","3,854","3,349","3,786","3,463","4,003","3,849","3,344","3,786","3,455","3,988","3,849","3,436","3,786","3,619","3,988","3,880","3,557","3,786","3,619","3,988","3,880","3,557","3,786","3,619","3,988","3,880","3,560","3,786","3,624","3,988","3,880","3,563","3,786","3,628","3,975","3,889","3,567","3,786","3,633","3,975","3,868","3,571","3,786","3,638","3,975","3,868","3,589","3,798","3,659","4,009","4,031"
,전북,"2,054","2,127","2,056","2,377","2,250","2,057","2,129","2,057","2,377","2,282","1,983","1,925","1,987","2,377","2,282","1,980","1,908","1,987","2,377","2,282","1,980","1,908","1,987","2,377","2,283","1,951","1,910","1,959","2,269","2,293","1,909","1,900","1,916","2,269","2,380","1,945","1,909","1,955","2,269","2,322","1,931","1,909","1,940","2,269","2,322","1,929","1,924","1,936","2,290","2,323","1,929","1,929","1,936","2,290","2,323","1,925","1,935","1,930","2,297","2,323","1,927","1,942","1,933","2,305","2,324","1,928","1,942","1,934","2,305","2,321","2,004","2,265","2,004","2,305","2,321","2,006","2,315","2,004","2,305","2,321","2,009","2,346","1,987","2,305","2,300","2,044","2,350","2,040","2,321","2,315","2,105","2,350","2,101","2,321","2,315","2,130","2,322","2,127","2,321","2,373","2,201","2,322","2,197","2,321","2,373","2,195","2,374","2,194","2,456","2,281","2,209","2,352","2,211","2,456","2,281","2,219","2,294","2,219",-,"2,138","2,182","2,259","2,173",-,"2,138","2,200","2,259","2,192",-,"2,441","2,226","2,259","2,215","2,221","2,433","2,226","2,259","2,215","2,221","2,433","2,273","2,183","2,261","2,221","2,428","2,263","2,183","2,250","2,221","2,428","2,317","2,602","2,292","2,636","2,794","2,326","2,664","2,300","2,636","2,794","2,326","2,664","2,300","2,636","2,794","2,333","2,655","2,306","2,636","2,850","2,311","2,655","2,285","2,636","2,850","2,311","2,655","2,285","2,636","2,850","2,321","2,666","2,301","2,636","2,627","2,343","2,666","2,326","2,636","2,593","2,380","2,666","2,365","3,052","2,651","2,380","2,666","2,365","3,052","2,651","2,386","2,666","2,372","3,052","2,753","2,452","2,666","2,435","3,052","2,753","2,410","2,404","2,394","2,724","2,634","2,469","2,397","2,465","2,724","2,634","2,469","2,397","2,465","2,724","2,634","2,488","2,348","2,487","2,724","2,698","2,630","2,348","2,630","2,724","2,698","2,630","2,348","2,630","2,724","2,698","2,556","2,387","2,542","2,764","2,667","2,468","2,526","2,458","2,764","2,667","2,468","2,526","2,458","2,764","2,667","2,468","2,526","2,458","2,764","2,667","2,468","2,526","2,458","2,764","2,667","2,468","2,526","2,458","2,764","2,667","2,503","2,623","2,509","3,011","2,780","2,480","2,572","2,469","3,011","2,780","2,503","2,572","2,521","2,710","2,701","2,482","2,572","2,503","2,710","2,703","2,482","2,572","2,503","2,710","2,703","2,518","2,596","2,535","2,710","2,703","2,572","2,478","2,583","2,409","2,562","2,630","2,548","2,593","2,409","2,562","2,670","2,548","2,642","2,409","2,615","2,639","2,548","2,613","2,409","2,605","2,642","2,548","2,614","2,409","2,597","2,642","2,548","2,614","2,409","2,597","2,655","2,552","2,627","2,409","2,597","2,683","2,608","2,646","2,409","2,661","2,671","2,621","2,600",-,"2,701","2,695","2,637","2,623","3,240","3,378","2,690","2,637","2,630","3,240","3,378","2,641","2,529","2,625","3,240","3,378","2,685","2,674","2,665","3,240","3,656","2,720","2,730","2,704","2,939","2,908","2,777","2,730","2,757","3,166","2,980","2,842","2,730","2,820","3,166","3,118","2,865","2,730","2,843","3,166","3,174","2,859","2,730","2,842","3,166","3,174","2,882","2,760","2,857","3,166","3,174","2,890","2,760","2,890","3,166","3,085","3,027","2,809","3,026","3,166","3,085","3,029","2,813","3,029","3,212","3,071","3,062","2,808","3,072","3,212","3,071","3,088","2,829","3,088","3,212","3,190","3,104","2,829","3,103","3,239","3,195","3,155","2,802","3,143","3,288","3,501","3,146","2,802","3,130","3,332","3,351","3,146","2,802","3,130","3,332","3,351","3,146","2,802","3,130","3,332","3,351","3,226","2,802","3,209","3,332","3,521","3,316","2,785","3,299","3,332","3,587","3,316","2,785","3,299","3,332","3,587","3,371","2,789","3,355","3,332","3,587","3,393","2,789","3,372","3,341","3,587","3,514",-,"3,471","3,341","3,621"
,전남,"1,925","1,999","1,922","2,262","2,292","1,909","1,999","1,906","2,262","2,176","1,909","1,999","1,906","2,262","2,176","1,909","1,999","1,906","2,262","2,176","1,923","1,999","1,921","2,262","2,176","1,921","2,002","1,919","2,262","2,176","1,925","1,989","1,923","2,262","2,176","1,927","1,989","1,925","2,262","2,176","1,968","1,989","1,964","2,364","2,264","1,968","1,989","1,965","2,364","2,264","1,966","1,989","1,963","2,364","2,264","1,972","1,997","1,966","2,364","2,264","1,982","2,058","1,984","2,467","2,157","2,056","2,058","2,058","2,467","2,262","2,078","2,058","2,074","2,467","2,319","2,078","2,058","2,074","2,467","2,319","2,093","2,058","2,096","2,467","2,319","2,090","2,151","2,094","2,379","2,307","2,106","2,151","2,110","2,379","2,307","2,165","2,151","2,169","2,379","2,307","2,147","2,151","2,152","2,291","2,197","2,147","2,151","2,153","2,291","2,197","2,214","2,151","2,221","2,291","2,197","2,214","2,151","2,221","2,291","2,197","2,305","2,405","2,264","2,291","2,395","2,389","2,370","2,363","2,291","2,491","2,400","2,427","2,382","2,291","2,423","2,400","2,427","2,380","2,459","2,458","2,356","2,228","2,337","2,459","2,418","2,348","2,228","2,336","2,627","2,443","2,355","2,228","2,345","2,627","2,469","2,356","2,228","2,346","2,627","2,469","2,356","2,228","2,346","2,627","2,469","2,357","2,228","2,348","2,627","2,469","2,357","2,228","2,348","2,627","2,469","2,352","2,228","2,348","2,627","2,519","2,360","2,240","2,354","2,627","2,519","2,338","2,276","2,332","2,482","2,502","2,389","2,152","2,381","2,482","2,633","2,414","2,152","2,405","2,337","2,664","2,412","2,274","2,404","2,337","2,887","2,388","2,241","2,383","2,337","2,887","2,310","2,241","2,308","2,337","2,954","2,268","2,241","2,266","2,337","2,954","2,320","2,241","2,316","2,337","2,881","2,340","2,365","2,339","2,337","3,003","2,344","2,465","2,339","2,337","3,003","2,481","2,465","2,481","2,337","3,053","2,494","2,465","2,494","2,337","3,053","2,513","2,529","2,514",-,"3,053","2,452","2,529","2,452",-,"3,053","2,485","2,529","2,486",-,"3,053","2,506","2,529","2,507",-,"3,053","2,576","2,689","2,569","3,005","3,692","2,591","2,689","2,585","3,005","3,632","2,599","2,689","2,594","3,005","3,632","2,596","2,689","2,592","3,005","3,725","2,592","2,766","2,586","3,005","3,632","2,689",-,"2,680","3,021","3,633","2,683",-,"2,672","3,021","3,633","2,718","2,660","2,699","3,021","3,873","2,759","2,660","2,697","3,021","3,587","2,831","2,660","2,832","3,021","3,312","2,827","2,680","2,827","3,021","3,312","2,978","2,680","3,054","3,021","3,312","3,003","2,680","3,081","3,066","3,257","2,930","2,680","2,968","3,066","3,232","2,927","2,680","2,959","3,066","3,232","3,053","2,680","3,179","3,066","3,232","3,106","2,680","3,215","3,066","3,232","3,179","2,680","3,179",-,"3,278","3,178","2,680","3,178",-,"3,278","2,996","2,890","2,979",-,"3,277","2,959","2,890","2,943",-,"3,342","2,892","2,874","2,876",-,"3,750","2,997","3,047","2,976",-,"3,735","3,068","3,423","3,052","2,793","3,556","3,065","3,423","3,049","2,793","3,560","3,101","3,423","3,052","2,793","3,569","3,112","3,423","3,078","3,198","3,404","3,112","3,423","3,078","3,198","3,404","3,108","3,423","3,074","3,198","3,404","3,090","3,423","3,057","3,198","3,270","3,224","3,370","3,177","3,198","3,259","3,230","3,366","3,181","3,198","3,257","3,248","3,366","3,199","3,198","3,257","3,211","3,531","3,171","3,198","3,161","3,217","3,531","3,179","3,198","3,162","3,317","3,531","3,264","3,400","3,352","3,316","3,264","3,251","3,400","3,420","3,315","3,264","3,254","3,400","3,471","3,402","3,264","3,339",-,"3,603","3,402","3,264","3,339",-,"3,603","3,453","3,264","3,377",-,"3,603","3,659","3,264","3,638",-,"3,603"
,경북,"2,148","2,204","2,145","2,308","2,222","2,190","2,210","2,186","2,516","2,370","2,181","2,178","2,184","2,516","2,370","2,181","2,178","2,185","2,516","2,346","2,179","2,172","2,191","2,532","2,346","2,179","2,173","2,191","2,675","2,314","2,177","2,171","2,189","2,675","2,314","2,176","2,171","2,189","2,675","2,323","2,238","2,133","2,256","2,675","2,526","2,248","2,114","2,265","2,675","2,526","2,238","2,106","2,248","2,630","2,576","2,251","2,118","2,263","2,630","2,550","2,294","2,277","2,302","2,653","2,544","2,294","2,290","2,303","2,690","2,499","2,311","2,327","2,314","2,690","2,499","2,312","2,328","2,315","2,690","2,540","2,307","2,340","2,306","2,690","2,540","2,291","2,342","2,286","2,690","2,606","2,318","2,390","2,307","2,690","2,606","2,363","2,390","2,358","2,690","2,667","2,383","2,390","2,376","2,690","2,674","2,382","2,390","2,376","2,690","2,674","2,441","2,506","2,426","2,867","2,624","2,429","2,488","2,413","2,867","2,969","2,367","2,363","2,356","2,867","2,969","2,390","2,407","2,383",-,"2,985","2,390","2,407","2,383",-,"2,985","2,441","2,525","2,435",-,"2,867","2,441","2,525","2,435",-,"2,867","2,440","2,525","2,421",-,"2,788","2,440","2,471","2,422",-,"2,788","2,628","2,471","2,611",-,"2,864","2,631","2,471","2,614",-,"2,903","2,674","2,471","2,654",-,"2,903","2,603","2,477","2,610",-,"2,810","2,643","2,509","2,647","2,550","2,828","2,625","2,509","2,620","2,699","2,948","2,681","2,548","2,680","2,699","2,884","2,681","2,548","2,680","2,699","2,884","2,638","2,486","2,626","2,667","2,905","2,652","2,486","2,636","2,667","2,989","2,649","2,486","2,636","2,667","3,098","2,619","2,472","2,608","2,667","3,098","2,539","2,472","2,522","2,667","3,076","2,539","2,472","2,522","2,667","3,076","2,539","2,472","2,522","2,667","3,076","2,631","2,578","2,599","2,667","3,183","2,658","2,578","2,638","2,726","3,362","2,914","2,578","2,897","2,604","3,457","2,914","2,578","2,897","2,604","3,457","2,914","2,578","2,897","2,604","3,457","3,074","2,578","3,061",-,"3,457","2,555","2,578","2,549",-,"2,756","2,555","2,578","2,549",-,"2,756","2,669","2,711","2,662",-,"2,756","2,669","2,711","2,662",-,"2,756","2,669","2,711","2,662",-,"2,756","2,953","3,394","2,942",-,"2,756","3,096","4,076","3,083",-,-,"3,096","4,076","3,083",-,-,"3,065","3,475","3,085","3,209",-,"3,173","3,212","3,179","3,944","3,991","3,135","3,178","3,132","3,918","3,730","3,135","3,178","3,132","3,918","3,730","3,063","3,021","3,062","3,918","3,730","3,063","3,021","3,062","3,918","3,730","3,088","3,056","3,082","3,918","3,829","3,027","3,056","3,006","3,918","3,829","3,049","3,091","3,034","3,874","3,829","3,213","2,832","3,198","3,955","3,829","3,213","2,832","3,198","3,955","3,829","3,135","2,861","3,119","3,955","3,943","3,131","2,929","3,119","3,845","3,937","3,162","2,941","3,153","3,783","3,925","3,297","3,000","3,269","4,175","4,030","3,297","3,011","3,269","4,175","4,030","3,419","3,165","3,386","4,175","4,030","3,419","3,165","3,386","4,175","4,030","3,430","3,176","3,396","4,175","4,030","3,557","3,336","3,534","4,186","4,030","3,527","3,292","3,512","3,948","3,659","3,438","3,319","3,424","3,943","3,697","3,469","3,319","3,454","3,943","3,697","3,621","3,306","3,602","3,921","3,887","3,640","3,376","3,616","3,924","3,884","3,661","3,395","3,644","3,976","3,913","3,724","3,395","3,723","3,629","4,050","3,793","3,501","3,787","3,629","4,050","3,792","3,732","3,788","3,629","4,050","3,792","3,732","3,788","3,629","4,050","3,792","3,732","3,788","3,629","4,050","3,729","3,670","3,719","3,321","4,050","3,830","3,998","3,813","3,116","4,208","3,892","4,398","3,864","3,794","4,298","4,036","4,398","4,000","3,794","4,298"
,경남,"2,291","2,239","2,305","2,890","3,014","2,298","2,200","2,322","2,980","3,043","2,307","2,280","2,329","2,934","3,019","2,327","2,270","2,348","2,925","2,828","2,358","2,361","2,375","2,925","2,673","2,383","2,366","2,392","3,053","2,645","2,391","2,413","2,389","3,176","2,660","2,381","2,423","2,380","3,278","2,741","2,389","2,463","2,382","3,052","2,740","2,375","2,432","2,370","3,052","2,740","2,384","2,432","2,381","3,028","2,759","2,391","2,429","2,387","2,844","2,736","2,412","2,495","2,406","2,870","2,638","2,359","2,496","2,351","2,872","2,621","2,388","2,478","2,380","2,872","2,621","2,390","2,478","2,382","2,872","2,623","2,384","2,575","2,375","2,872","2,716","2,407","2,520","2,397","2,872","2,657","2,401","2,554","2,391","2,872","2,659","2,418","2,534","2,407","2,873","2,661","2,444","2,495","2,431","3,042","2,811","2,465","2,562","2,450","3,042","2,826","2,515","2,623","2,499","3,042","2,868","2,510","2,623","2,494","3,983","3,148","2,436","2,582","2,414","2,971","2,984","2,621","2,720","2,581","2,914","2,838","2,696","2,784","2,666","2,914","2,836","2,696","2,784","2,666","2,914","2,836","2,698","2,784","2,673","2,914","2,836","2,697","2,787","2,672","2,857","2,897","2,690","2,738","2,669","2,857","2,862","2,695","2,738","2,673","2,857","2,862","2,695","2,744","2,673","2,857","2,862","2,696","2,748","2,673","2,857","2,839","2,661","2,786","2,630","2,857","2,745","2,746","2,905","2,716","2,857","2,987","2,795","2,905","2,769","3,015","2,987","2,797","2,887","2,781","3,173","2,990","2,932","2,887","2,914","3,173","3,703","2,932","2,887","2,914","3,173","3,703","2,932","2,887","2,909","3,173","3,703","2,877","2,776","2,855","3,173","4,303","2,833","2,937","2,820","3,173","4,303","2,941","2,937","2,925","3,211","4,303","2,967","2,937","2,954","3,211","4,303","2,967","2,937","2,954","3,211","4,303","2,977","2,730","2,958","3,211","4,303","2,995",-,"2,970","3,211","4,303","3,209",-,"3,176","3,247","4,303","3,201","2,780","3,174","3,247","4,303","3,063","2,780","3,065","3,247",-,"3,063","2,780","3,065","3,247",-,"3,063","2,780","3,065","3,247",-,"2,968","2,780","2,971","3,247",-,"3,153","2,857","3,159","3,246",-,"3,021","2,797","3,026","4,939",-,"3,130","2,848","3,122","4,939",-,"3,114","2,966","3,109","4,939","2,918","3,114","2,966","3,109","4,939","2,918","3,114","2,966","3,109","4,939","2,918","3,107","2,966","3,106","4,720","3,166","3,113","3,069","3,108","4,720","3,166","2,988","2,940","2,973","4,720","3,166","2,988","2,940","2,973","4,720","3,166","3,124","2,940","3,106","5,020","3,166","3,153","2,991","3,137","4,868","3,292","3,120","3,036","3,102","4,869","3,223","3,090","3,111","3,075","4,091","3,223","3,100","3,117","3,093","4,091","3,223","3,232","3,191","3,208","4,087","3,526","3,225","3,172","3,208","4,087","3,526","3,295","3,172","3,277","4,051","3,558","3,324","3,188","3,307","3,987","3,599","3,240","2,994","3,227","3,987","3,476","3,309","3,122","3,284","3,987","3,503","3,314","3,125","3,289","3,987","3,503","3,348","3,259","3,339","3,937","3,532","3,390","3,259","3,387","3,803","3,625","3,643","3,393","3,614","4,380","3,963","3,655","3,532","3,618","4,637","3,963","3,615","3,556","3,587","4,637","3,875","3,627","3,565","3,607","4,571","3,928","3,614","3,764","3,584","4,419","3,936","3,633","3,747","3,605","4,556","3,969","3,603","3,707","3,582","4,556","3,934","3,595","3,867","3,573","4,474","3,927","3,594","4,187","3,564","4,474","3,940","3,615","4,364","3,588","4,474","3,940","3,583","4,316","3,558","4,474","3,940","3,625","4,316","3,597","4,719","4,022","3,617","4,303","3,587","4,650","4,079","3,496","3,929","3,462","4,650","4,079","3,532","3,883","3,496","4,655","4,293","3,418","3,755","3,394","4,655","4,876","3,383","3,428","3,370","4,688","4,956"
,제주,"2,232",-,"2,225","2,583","2,574","2,232",-,"2,225","2,583","2,574","2,268",-,"2,260","2,583","2,574","2,268",-,"2,260","2,583","2,574","2,268",-,"2,260","2,583","2,574","2,314",-,"2,314",-,-,"2,719","2,853","2,752","2,725","2,602","2,691","2,853","2,712","2,708","2,605","2,827","2,853","2,730","3,107","2,605","2,827","2,853","2,730","3,107","2,605","2,878","2,853","2,768","3,107","2,605","3,083","4,091","2,994","3,157","3,082","3,083","4,091","2,994","3,157","3,082","3,107","4,091","3,024","3,157","3,082","3,132","4,091","3,048","3,157","3,082","3,124","4,091","3,036","3,157","3,082","3,134","4,038","3,042","3,157","3,082","3,097","4,038","3,038","3,157","3,082","3,323","4,630","3,196","3,271","3,830","3,459","4,630","3,301","4,158","4,800","3,274","4,630","3,249","4,809","4,800","3,335","5,152","3,270","4,809","4,800","3,335","5,152","3,270","4,809","4,800","3,222","5,380","3,150",-,-,"3,222","5,380","3,150",-,-,"3,560","5,380","3,477",-,-,"3,578","5,380","3,467",-,"3,029","3,636","5,380","3,512",-,"3,029","3,829","5,462","3,542",-,"3,029","3,925","5,462","3,639",-,"3,029","3,925","5,462","3,639",-,"3,029","3,925","5,462","3,639",-,"3,029","3,925","5,462","3,639",-,"3,029","3,334",-,"3,356","3,226","2,990","3,334",-,"3,356","3,226","2,990","3,334",-,"3,356","3,226","2,990","3,334",-,"3,356","3,226","2,990","3,314","3,804","3,341","3,226","2,990","3,424","3,804","3,504","3,226","2,952","3,424","3,804","3,504","3,226","2,952","3,424","3,804","3,504","3,226","2,952","3,424","3,804","3,504","3,226","2,952","3,441","3,804","3,475","3,226","3,269","3,441","3,804","3,475","3,226","3,269","3,744","3,804","3,791","3,226","3,269","3,869","3,804","3,884",-,"3,601","3,869","3,804","3,884",-,"3,601","3,869","3,804","3,884",-,"3,601","3,869","3,804","3,884",-,"3,601","3,882",-,"3,898",-,"3,601","3,882",-,"3,898",-,"3,601","3,955","4,039","3,962",-,"3,601","3,955","4,039","3,962",-,"3,601","3,955","4,039","3,962",-,"3,601","4,085","4,039","4,091",-,-,"4,516","4,363","4,522",-,-,"4,522","4,363","4,536",-,-,"4,648","4,363","4,660",-,-,"4,648","4,363","4,660",-,-,"4,648","4,363","4,660",-,-,"4,648","4,363","4,660",-,-,"4,648","4,363","4,660",-,-,"4,648","4,363","4,660",-,-,"5,199","4,686","5,203",-,-,"5,199","4,686","5,203",-,-,"7,199","4,686","7,180",-,"7,727","7,199","4,686","7,180",-,"7,727","7,510",-,"7,497",-,"7,727","7,510",-,"7,497",-,"7,727","8,356",-,"8,410",-,"7,727","8,356",-,"8,410",-,"7,727","8,356",-,"8,410",-,"7,727","6,860",-,"6,787","5,924","6,815","6,860",-,"6,787","5,924","6,815","6,574","2,862","6,516","5,924","6,493","6,574","2,862","6,516","5,924","6,493","6,392","2,862","6,316","5,924","6,493","5,830","2,862","5,707","5,924","6,258","5,830","2,862","5,707","5,924","6,258","5,830","2,862","5,707","5,924","6,258","5,830","2,862","5,707","5,924","6,258","5,830","2,862","5,707","5,924","6,258","6,528","2,862","6,043","6,570","6,837","6,528","2,862","6,043","6,570","6,837","6,715","5,121","6,166","6,639","6,874","6,715","5,121","6,166","6,639","6,874","6,955","7,381","6,720","6,639","6,949","6,955","7,381","6,720","6,639","6,949","6,954","7,381","6,713","6,639","6,949","7,194","7,381","6,993","6,639","6,639","7,194","7,381","6,993","6,639","6,639","7,194","7,381","6,993","6,639","6,639","7,326","7,381","7,084","6,639","7,506","7,326","7,381","7,084","6,639","7,506","7,743","7,381","7,675",-,"8,372"
